playerID,yearID,teamID,inseason,games,rank
wrighha01,1871,BS1,1,31,3
woodji01,1871,CH1,1,28,2
paborch01,1871,CL1,1,29,8
lennobi01,1871,FW1,1,14,8
deaneha01,1871,FW1,2,5,8
fergubo01,1871,NY2,1,33,5
mcbridi01,1871,PH1,1,28,1
hastisc01,1871,RC1,1,25,9
pikeli01,1871,TRO,1,4,6
cravebi01,1871,TRO,2,25,6
youngni99,1871,WS3,1,32,4
cravebi01,1872,BL1,1,41,2
millsev01,1872,BL1,2,17,2
clintji01,1872,BR1,1,11,9
woodji01,1872,BR1,2,18,9
fergubo01,1872,BR2,1,37,7
wrighha01,1872,BS1,1,48,1
hastisc01,1872,CL1,1,20,7
whitede01,1872,CL1,2,2,7
clappjo01,1872,MID,1,24,9
pearcdi01,1872,NY2,1,16,3
hatfijo01,1872,NY2,2,40,3
mcbridi01,1872,PH1,1,47,2
woodji01,1872,TRO,1,25,5
youngni99,1872,WS3,1,9,8
millejo01,1872,WS4,1,11,11
mcveyca01,1873,BL1,1,33,3
careyto01,1873,BL1,2,24,3
smithbi01,1873,BL4,1,5,9
fergubo01,1873,BR2,1,55,6
wrighha01,1873,BS1,1,60,1
allisdo01,1873,ELI,1,23,8
hatfijo01,1873,NY2,1,28,4
startjo01,1873,NY2,2,25,4
mcbridi01,1873,PH1,1,52,4
malonfe01,1873,PH2,1,10,2
woodji01,1873,PH2,2,43,2
youngni99,1873,WS5,1,39,7
whitewa01,1874,BL1,1,47,8
fergubo01,1874,BR2,1,56,6
wrighha01,1874,BS1,1,71,1
malonfe01,1874,CH2,1,36,5
woodji01,1874,CH2,2,23,5
pikeli01,1874,HR1,1,53,7
careyto01,1874,NY2,1,25,2
highadi01,1874,NY2,2,40,2
mcbridi01,1874,PH1,1,56,3
cravebi01,1874,PH2,1,58,4
paborch01,1875,BR2,1,42,12
boydbi01,1875,BR2,2,2,12
wrighha01,1875,BS1,1,82,1
woodji01,1875,CH2,1,69,6
fergubo01,1875,HR1,1,86,3
simmojo01,1875,KEO,1,13,12
gouldch01,1875,NH1,1,23,8
lathaju01,1875,NH1,2,18,8
paborch01,1875,NH1,3,6,8
hicksna01,1875,NY2,1,71,7
mcbridi01,1875,PH1,1,69,2
ansonca01,1875,PH1,2,8,2
mcgeami01,1875,PH2,1,63,5
addybo01,1875,PH2,2,7,5
cravebi01,1875,PH3,1,14,11
sweasch01,1875,SL1,1,19,8
pearcdi01,1875,SL2,1,72,4
holliho01,1875,WS6,1,20,10
parksbi01,1875,WS6,2,8,10
wrighha01,1876,BSN,1,70,4
spaldal01,1876,CHN,1,66,1
gouldch01,1876,CN1,1,65,8
fergubo01,1876,HAR,1,69,3
chapmja01,1876,LS1,1,69,5
cammebi99,1876,NY3,1,57,6
wrighal99,1876,PHN,1,60,7
graffma99,1876,SL3,1,56,2
mcmange99,1876,SL3,2,8,2
wrighha01,1877,BSN,1,61,1
spaldal01,1877,CHN,1,60,5
pikeli01,1877,CN1,1,14,6
addybo01,1877,CN1,2,24,6
mannija01,1877,CN1,3,20,6
fergubo01,1877,HAR,1,60,3
chapmja01,1877,LS1,1,61,2
mcmange99,1877,SL3,1,60,4
wrighha01,1878,BSN,1,60,1
fergubo01,1878,CHN,1,61,4
mcveyca01,1878,CN1,1,61,2
clappjo01,1878,IN1,1,63,5
chapmja01,1878,ML2,1,61,6
yorkto01,1878,PRO,1,62,3
clappjo01,1879,BFN,1,79,3
wrighha01,1879,BSN,1,84,2
ansonca01,1879,CHN,1,64,4
flintsi01,1879,CHN,2,19,4
mccorji01,1879,CL2,1,82,6
whitede01,1879,CN1,1,18,5
mcveyca01,1879,CN1,2,63,5
wrighge01,1879,PRO,1,85,1
dorgami01,1879,SR1,1,43,7
holbebi01,1879,SR1,2,1,7
maculji01,1879,SR1,3,27,7
phillho99,1879,TRN,1,47,8
fergubo01,1879,TRN,2,30,8
cranesa01,1880,BFN,1,84,7
wrighha01,1880,BSN,1,86,6
ansonca01,1880,CHN,1,86,1
mccorji01,1880,CL2,1,85,3
clappjo01,1880,CN1,1,82,8
mcgeami01,1880,PRO,1,16,2
wardjo01,1880,PRO,2,32,2
dorgami01,1880,PRO,3,39,2
fergubo01,1880,TRN,1,83,4
bancrfr99,1880,WOR,1,85,5
orourji01,1881,BFN,1,83,3
wrighha01,1881,BSN,1,83,6
ansonca01,1881,CHN,1,84,1
mcgeami01,1881,CL2,1,11,7
clappjo01,1881,CL2,2,74,7
bancrfr99,1881,DTN,1,84,4
farreja02,1881,PRO,1,51,2
yorkto01,1881,PRO,2,34,2
fergubo01,1881,TRN,1,85,5
dorgami01,1881,WOR,1,56,8
stoveha01,1881,WOR,2,27,8
myershe01,1882,BL2,1,74,6
snydepo01,1882,CN2,1,80,1
mackde01,1882,LS2,1,80,3
lathaju01,1882,PH4,1,75,2
prattal01,1882,PT1,1,79,4
cuthbne01,1882,SL4,1,80,5
orourji01,1882,BFN,1,84,3
morrijo01,1882,BSN,1,85,4
ansonca01,1882,CHN,1,84,1
mccorji01,1882,CL2,1,4,5
dunlafr01,1882,CL2,2,80,5
bancrfr99,1882,DTN,1,86,6
wrighha01,1882,PRO,1,84,2
fergubo01,1882,TRN,1,85,7
brownfr99,1882,WOR,1,41,8
bondto01,1882,WOR,2,6,8
chapmja01,1882,WOR,3,37,8
barnibi01,1883,BL2,1,96,8
phillho99,1883,CL5,1,97,6
snydepo01,1883,CN2,1,98,3
gerhajo01,1883,LS2,1,98,5
mutriji99,1883,NY4,1,97,4
knighlo01,1883,PH4,1,98,1
prattal01,1883,PT1,1,32,7
butleor99,1883,PT1,2,53,7
battijo01,1883,PT1,3,13,7
sullite01,1883,SL4,1,79,2
comisch01,1883,SL4,2,19,2
orourji01,1883,BFN,1,98,5
burdoja01,1883,BSN,1,54,1
morrijo01,1883,BSN,2,44,1
ansonca01,1883,CHN,1,98,2
bancrfr99,1883,CL2,1,100,4
chapmja01,1883,DTN,1,101,7
clappjo01,1883,NY1,1,98,6
fergubo01,1883,PHI,1,17,8
purcebl01,1883,PHI,2,82,8
wrighha01,1883,PRO,1,98,3
barnibi01,1884,BL2,1,109,6
tayloge99,1884,BR3,1,109,9
schmegu99,1884,CL5,1,110,2
whitewi01,1884,CN2,1,72,5
snydepo01,1884,CN2,2,40,5
giffoji99,1884,IN2,1,87,11
watkibi01,1884,IN2,2,23,11
walshmi99,1884,LS2,1,110,3
mutriji99,1884,NY4,1,112,1
knighlo01,1884,PH4,1,109,7
mcknide99,1884,PT1,1,12,10
fergubo01,1884,PT1,2,42,10
battijo01,1884,PT1,3,13,10
creamge01,1884,PT1,4,8,10
phillho99,1884,PT1,5,35,10
mosesfe99,1884,RIC,1,46,10
williji99,1884,SL4,1,85,4
comisch01,1884,SL4,2,25,4
mortoch01,1884,TL1,1,110,8
holliho01,1884,WS7,1,62,12
bicke99,1884,WS7,2,1,12
orourji01,1884,BFN,1,115,3
morrijo01,1884,BSN,1,116,2
ansonca01,1884,CHN,1,113,5
hackech99,1884,CL2,1,113,7
chapmja01,1884,DTN,1,114,8
priceji99,1884,NY1,1,100,4
wardjo01,1884,NY1,2,16,4
wrighha01,1884,PHI,1,113,6
bancrfr99,1884,PRO,1,114,1
curtied99,1884,ALT,1,25,10
hendebi99,1884,BLU,1,106,4
murnati01,1884,BSU,1,111,5
hengled99,1884,CHU,1,74,5
battijo01,1884,CHU,2,6,5
ellicjo01,1884,CHU,3,13,5
olearda01,1884,CNU,1,35,3
cranesa01,1884,CNU,2,70,3
wheelha01,1884,KCU,1,4,8
portema01,1884,KCU,2,16,8
sullite01,1884,KCU,3,62,8
loftuto01,1884,MLU,1,12,2
malonfe01,1884,PHU,1,67,8
sullite01,1884,SLU,1,31,1
dunlafr01,1884,SLU,2,83,1
thompam99,1884,SPU,1,9,9
simmojo01,1884,WIL,1,18,12
scanlmi99,1884,WSU,1,114,7
barnibi01,1885,BL2,1,110,8
hackech99,1885,BR3,1,37,5
byrnech99,1885,BR3,2,75,5
cayloop99,1885,CN2,1,112,2
hartji99,1885,LS2,1,112,6
giffoji99,1885,NY4,1,108,7
stoveha01,1885,PH4,1,113,4
phillho99,1885,PT1,1,111,3
comisch01,1885,SL4,1,112,1
galvipu01,1885,BFN,1,24,7
chapmja01,1885,BFN,2,88,7
morrijo01,1885,BSN,1,113,5
ansonca01,1885,CHN,1,113,1
mortoch01,1885,DTN,1,38,6
watkibi01,1885,DTN,2,70,6
mutriji99,1885,NY1,1,112,2
wrighha01,1885,PHI,1,111,3
bancrfr99,1885,PRO,1,110,4
dunlafr01,1885,SL5,1,50,8
mckinal01,1885,SL5,2,39,8
dunlafr01,1885,SL5,3,22,8
barnibi01,1886,BL2,1,139,8
byrnech99,1886,BR3,1,141,3
cayloop99,1886,CN2,1,141,5
hartji99,1886,LS2,1,138,4
giffoji99,1886,NY4,1,17,7
fergubo01,1886,NY4,2,120,7
simmole99,1886,PH4,1,98,6
sharsbi99,1886,PH4,2,41,6
phillho99,1886,PT1,1,140,2
comisch01,1886,SL4,1,139,1
morrijo01,1886,BSN,1,118,5
ansonca01,1886,CHN,1,126,1
watkibi01,1886,DTN,1,126,2
roweda01,1886,KCN,1,126,7
mutriji99,1886,NY1,1,124,3
wrighha01,1886,PHI,1,119,4
schmegu99,1886,SL5,1,126,6
scanlmi99,1886,WS8,1,82,8
gaffnjo99,1886,WS8,2,43,8
barnibi01,1887,BL2,1,141,3
byrnech99,1887,BR3,1,138,6
williji99,1887,CL3,1,133,8
schmegu99,1887,CN2,1,136,2
kellyjo01,1887,LS2,1,139,4
fergubo01,1887,NY4,1,30,7
orrda01,1887,NY4,2,8,7
cayloop99,1887,NY4,3,100,7
bancrfr99,1887,PH4,1,55,5
masonch01,1887,PH4,2,82,5
comisch01,1887,SL4,1,138,1
kellyki01,1887,BSN,1,95,5
morrijo01,1887,BSN,2,32,5
ansonca01,1887,CHN,1,127,3
watkibi01,1887,DTN,1,127,1
burnhwa99,1887,IN3,1,28,8
thomafr99,1887,IN3,2,29,8
fogelho99,1887,IN3,3,70,8
mutriji99,1887,NY1,1,129,4
wrighha01,1887,PHI,1,128,2
phillho99,1887,PIT,1,125,6
gaffnjo99,1887,WS8,1,126,7
barnibi01,1888,BL2,1,139,5
mcgunbi01,1888,BR3,1,143,2
williji99,1888,CL3,1,64,6
loftuto01,1888,CL3,2,71,6
schmegu99,1888,CN2,1,137,4
roweda01,1888,KC2,1,50,8
barklsa01,1888,KC2,2,58,8
watkibi01,1888,KC2,3,25,8
kellyjo01,1888,LS2,1,39,7
davidmo99,1888,LS2,2,3,7
kerinjo01,1888,LS2,3,7,7
davidmo99,1888,LS2,4,90,7
sharsbi99,1888,PH4,1,137,3
comisch01,1888,SL4,1,137,1
morrijo01,1888,BSN,1,137,4
ansonca01,1888,CHN,1,136,2
watkibi01,1888,DTN,1,94,5
leadlbo99,1888,DTN,2,40,5
spencha99,1888,IN3,1,136,7
mutriji99,1888,NY1,1,138,1
wrighha01,1888,PHI,1,132,3
phillho99,1888,PIT,1,139,6
hewetwa99,1888,WS8,1,40,8
sullite01,1888,WS8,2,96,8
barnibi01,1889,BL2,1,139,5
mcgunbi01,1889,BR3,1,140,1
buckeal99,1889,CL6,1,140,6
schmegu99,1889,CN2,1,141,4
watkibi01,1889,KC2,1,139,7
esterdu01,1889,LS2,1,10,8
wolfji01,1889,LS2,2,65,8
shannda01,1889,LS2,3,58,8
chapmja01,1889,LS2,4,7,8
sharsbi99,1889,PH4,1,138,3
comisch01,1889,SL4,1,141,2
hartji99,1889,BSN,1,133,2
ansonca01,1889,CHN,1,136,3
loftuto01,1889,CL4,1,136,6
bancrfr99,1889,IN3,1,68,7
glassja01,1889,IN3,2,67,7
mutriji99,1889,NY1,1,131,1
wrighha01,1889,PHI,1,130,4
phillho99,1889,PIT,1,71,5
dunlafr01,1889,PIT,2,17,5
hanlone01,1889,PIT,3,46,5
morrijo01,1889,WS8,1,51,8
irwinar01,1889,WS8,2,76,8
barnibi01,1890,BL3,1,38,6
kenneji99,1890,BR4,1,100,9
buckeal99,1890,CL6,1,80,2
schmegu99,1890,CL6,2,57,2
sullipa99,1890,CL6,3,3,2
chapmja01,1890,LS2,1,136,1
sharsbi99,1890,PH4,1,132,8
powerpa99,1890,RC2,1,133,5
mccarto01,1890,SL4,1,22,3
kerinjo01,1890,SL4,2,17,3
rosemch01,1890,SL4,3,15,3
campaco01,1890,SL4,4,42,3
mccarto01,1890,SL4,5,5,3
gerhajo01,1890,SL4,6,38,3
frazege99,1890,SR2,1,71,6
fessewa99,1890,SR2,2,11,6
frazege99,1890,SR2,3,46,6
mortoch01,1890,TL2,1,134,4
mcgunbi01,1890,BRO,1,129,1
seleefr99,1890,BSN,1,134,5
ansonca01,1890,CHN,1,139,2
loftuto01,1890,CIN,1,134,4
schmegu99,1890,CL4,1,78,7
leadlbo99,1890,CL4,2,58,7
mutriji99,1890,NY1,1,135,6
wrighha01,1890,PHI,1,22,3
clemeja01,1890,PHI,2,19,3
reachal01,1890,PHI,3,11,3
allenbo01,1890,PHI,4,35,3
wrighha01,1890,PHI,5,46,3
heckegu01,1890,PIT,1,138,8
roweja01,1890,BFP,1,81,8
faatzja01,1890,BFP,2,34,8
roweja01,1890,BFP,3,19,8
wardjo01,1890,BRP,1,133,2
kellyki01,1890,BSP,1,133,1
comisch01,1890,CHP,1,138,4
larkihe01,1890,CLP,1,79,7
tebeapa01,1890,CLP,2,52,7
ewingbu01,1890,NYP,1,132,3
fogarji01,1890,PHP,1,16,5
buffich01,1890,PHP,2,116,5
hanlone01,1890,PTP,1,131,6
barnibi01,1891,BL3,1,139,4
irwinar01,1891,BS2,1,139,1
schmegu99,1891,CL6,1,138,6
kellyki01,1891,CN3,1,102,7
chapmja01,1891,LS2,1,141,8
cushmch99,1891,ML3,1,36,3
sharsbi99,1891,PH4,1,18,4
woodge01,1891,PH4,2,125,4
comisch01,1891,SL4,1,141,2
trottsa01,1891,WS9,1,12,9
snydepo01,1891,WS9,2,70,8
shannda01,1891,WS9,3,51,8
griffsa01,1891,WS9,4,6,8
wardjo01,1891,BRO,1,137,6
seleefr99,1891,BSN,1,140,1
ansonca01,1891,CHN,1,137,2
loftuto01,1891,CIN,1,138,7
leadlbo99,1891,CL4,1,68,5
tebeapa01,1891,CL4,2,73,5
mutriji99,1891,NY1,1,136,3
wrighha01,1891,PHI,1,138,4
hanlone01,1891,PIT,1,78,8
mcgunbi01,1891,PIT,2,59,8
vanhage01,1892,BLN,1,11,12
waltzjo99,1892,BLN,2,8,12
hanlone01,1892,BLN,3,133,10
wardjo01,1892,BRO,1,158,2
seleefr99,1892,BSN,1,152,1
ansonca01,1892,CHN,1,147,7
comisch01,1892,CIN,1,155,4
tebeapa01,1892,CL4,1,153,1
chapmja01,1892,LS3,1,54,11
pfefffr01,1892,LS3,2,100,9
powerpa99,1892,NY1,1,153,6
wrighha01,1892,PHI,1,155,3
buckeal99,1892,PIT,1,29,6
burnsto01,1892,PIT,2,60,4
buckeal99,1892,PIT,3,66,4
glassja01,1892,SLN,1,4,9
striccu01,1892,SLN,2,23,9
crookja01,1892,SLN,3,62,9
gorege01,1892,SLN,4,16,11
carutbo01,1892,SLN,5,50,11
barnibi01,1892,WAS,1,2,7
irwinar01,1892,WAS,2,108,7
richada01,1892,WAS,3,43,12
hanlone01,1893,BLN,1,130,8
foutzda01,1893,BRO,1,130,7
seleefr99,1893,BSN,1,131,1
ansonca01,1893,CHN,1,128,9
comisch01,1893,CIN,1,131,6
tebeapa01,1893,CL4,1,129,3
barnibi01,1893,LS3,1,126,11
wardjo01,1893,NY1,1,136,5
wrighha01,1893,PHI,1,133,4
buckeal99,1893,PIT,1,131,2
watkibi01,1893,SLN,1,135,10
orourji01,1893,WAS,1,130,12
hanlone01,1894,BLN,1,129,1
foutzda01,1894,BRO,1,135,5
seleefr99,1894,BSN,1,133,3
ansonca01,1894,CHN,1,137,8
comisch01,1894,CIN,1,134,10
tebeapa01,1894,CL4,1,130,6
barnibi01,1894,LS3,1,131,12
wardjo01,1894,NY1,1,139,2
irwinar01,1894,PHI,1,132,4
buckeal99,1894,PIT,1,110,7
mackco01,1894,PIT,2,23,7
milledo01,1894,SLN,1,133,9
schmegu99,1894,WAS,1,132,11
hanlone01,1895,BLN,1,132,1
foutzda01,1895,BRO,1,134,5
seleefr99,1895,BSN,1,133,6
ansonca01,1895,CHN,1,133,4
ewingbu01,1895,CIN,1,132,8
tebeapa01,1895,CL4,1,132,2
mcclojo99,1895,LS3,1,133,12
davisge01,1895,NY1,1,33,9
doyleja01,1895,NY1,2,64,9
watkiha99,1895,NY1,3,35,9
irwinar01,1895,PHI,1,133,3
mackco01,1895,PIT,1,135,7
buckeal99,1895,SLN,1,50,11
vondech99,1895,SLN,2,1,11
quinnjo02,1895,SLN,3,40,11
phelale99,1895,SLN,4,45,11
schmegu99,1895,WAS,1,133,10
hanlone01,1896,BLN,1,132,1
foutzda01,1896,BRO,1,133,10
seleefr99,1896,BSN,1,132,4
ansonca01,1896,CHN,1,132,5
ewingbu01,1896,CIN,1,128,3
tebeapa01,1896,CL4,1,135,2
mcclojo99,1896,LS3,1,19,12
mcgunbi01,1896,LS3,2,115,12
irwinar01,1896,NY1,1,90,7
joycebi01,1896,NY1,2,43,7
nashbi01,1896,PHI,1,130,8
mackco01,1896,PIT,1,131,6
diddlha99,1896,SLN,1,17,11
lathaar01,1896,SLN,2,3,11
vondech99,1896,SLN,3,2,11
connoro01,1896,SLN,4,46,11
dowdto01,1896,SLN,5,63,11
schmegu99,1896,WAS,1,133,9
hanlone01,1897,BLN,1,136,2
barnibi01,1897,BRO,1,136,7
seleefr99,1897,BSN,1,135,1
ansonca01,1897,CHN,1,138,9
ewingbu01,1897,CIN,1,134,4
tebeapa01,1897,CL4,1,132,5
rogerji01,1897,LS3,1,44,11
clarkfr01,1897,LS3,2,92,11
joycebi01,1897,NY1,1,138,3
stallge01,1897,PHI,1,134,10
donovpa01,1897,PIT,1,135,8
dowdto01,1897,SLN,1,29,12
nicolhu01,1897,SLN,2,40,12
hallmbi01,1897,SLN,3,50,12
vondech99,1897,SLN,4,14,12
schmegu99,1897,WAS,1,36,6
brownto01,1897,WAS,2,99,6
hanlone01,1898,BLN,1,154,2
barnibi01,1898,BRO,1,35,10
griffmi01,1898,BRO,2,4,10
ebbetch99,1898,BRO,3,110,10
seleefr99,1898,BSN,1,152,1
burnsto01,1898,CHN,1,152,4
ewingbu01,1898,CIN,1,157,3
tebeapa01,1898,CL4,1,156,5
clarkfr01,1898,LS3,1,154,9
joycebi01,1898,NY1,1,43,7
ansonca01,1898,NY1,2,22,7
joycebi01,1898,NY1,3,92,7
stallge01,1898,PHI,1,46,6
shettbi99,1898,PHI,2,104,6
watkibi01,1898,PIT,1,151,8
hurstti99,1898,SLN,1,154,12
brownto01,1898,WAS,1,38,11
doyleja01,1898,WAS,2,17,11
mcguide01,1898,WAS,3,70,11
irwinar01,1898,WAS,4,30,11
mcgrajo01,1899,BLN,1,152,4
hanlone01,1899,BRO,1,150,1
seleefr99,1899,BSN,1,153,2
burnsto01,1899,CHN,1,152,8
ewingbu01,1899,CIN,1,157,6
crossla01,1899,CL4,1,38,12
quinnjo02,1899,CL4,2,116,12
clarkfr01,1899,LS3,1,156,9
dayjo99,1899,NY1,1,66,10
hoeyfr99,1899,NY1,2,87,10
shettbi99,1899,PHI,1,154,3
watkibi01,1899,PIT,1,24,7
donovpa01,1899,PIT,2,131,7
tebeapa01,1899,SLN,1,155,5
irwinar01,1899,WAS,1,155,11
hanlone01,1900,BRO,1,142,1
seleefr99,1900,BSN,1,142,4
loftuto01,1900,CHN,1,146,6
allenbo01,1900,CIN,1,144,7
ewingbu01,1900,NY1,1,63,8
davisge01,1900,NY1,2,78,8
shettbi99,1900,PHI,1,141,3
clarkfr01,1900,PIT,1,140,2
tebeapa01,1900,SLN,1,92,5
heilblo99,1900,SLN,2,50,5
mcgrajo01,1901,BLA,1,135,5
colliji01,1901,BOS,1,138,2
griffcl01,1901,CHA,1,137,1
mcaleji01,1901,CLE,1,138,7
stallge01,1901,DET,1,136,3
duffyhu01,1901,MLA,1,139,8
mackco01,1901,PHA,1,137,4
manniji01,1901,WS1,1,138,6
hanlone01,1901,BRO,1,137,3
seleefr99,1901,BSN,1,140,5
loftuto01,1901,CHN,1,140,6
mcphebi01,1901,CIN,1,142,8
davisge01,1901,NY1,1,141,7
shettbi99,1901,PHI,1,140,2
clarkfr01,1901,PIT,1,140,1
donovpa01,1901,SLN,1,142,4
mcgrajo01,1902,BLA,1,58,8
robinwi01,1902,BLA,2,83,8
colliji01,1902,BOS,1,138,3
griffcl01,1902,CHA,1,138,4
armoubi99,1902,CLE,1,137,5
dwyerfr01,1902,DET,1,137,7
mackco01,1902,PHA,1,137,1
mcaleji01,1902,SLA,1,140,2
loftuto01,1902,WS1,1,138,6
hanlone01,1902,BRO,1,141,2
buckeal99,1902,BSN,1,142,3
seleefr99,1902,CHN,1,143,5
mcphebi01,1902,CIN,1,65,4
bancrfr99,1902,CIN,2,16,4
kellejo01,1902,CIN,3,60,4
fogelho99,1902,NY1,1,44,8
smithhe01,1902,NY1,2,32,8
mcgrajo01,1902,NY1,3,65,8
shettbi99,1902,PHI,1,138,7
clarkfr01,1902,PIT,1,142,1
donovpa01,1902,SLN,1,140,6
colliji01,1903,BOS,1,141,1
callani01,1903,CHA,1,138,7
armoubi99,1903,CLE,1,140,3
barroed99,1903,DET,1,137,5
griffcl01,1903,NYA,1,136,4
mackco01,1903,PHA,1,137,2
mcaleji01,1903,SLA,1,139,6
loftuto01,1903,WS1,1,140,8
hanlone01,1903,BRO,1,139,5
buckeal99,1903,BSN,1,140,6
seleefr99,1903,CHN,1,139,3
kellejo01,1903,CIN,1,141,4
mcgrajo01,1903,NY1,1,142,2
zimmech01,1903,PHI,1,139,7
clarkfr01,1903,PIT,1,141,1
donovpa01,1903,SLN,1,139,8
colliji01,1904,BOS,1,157,1
callani01,1904,CHA,1,42,3
jonesfi01,1904,CHA,2,114,3
armoubi99,1904,CLE,1,154,4
barroed99,1904,DET,1,84,7
lowebo01,1904,DET,2,78,7
griffcl01,1904,NYA,1,155,2
mackco01,1904,PHA,1,155,5
mcaleji01,1904,SLA,1,156,6
kittrma01,1904,WS1,1,18,8
donovpa01,1904,WS1,2,139,8
hanlone01,1904,BRO,1,154,6
buckeal99,1904,BSN,1,155,7
seleefr99,1904,CHN,1,156,2
kellejo01,1904,CIN,1,157,3
mcgrajo01,1904,NY1,1,158,1
duffyhu01,1904,PHI,1,155,8
clarkfr01,1904,PIT,1,156,4
nichoki01,1904,SLN,1,155,5
colliji01,1905,BOS,1,153,4
jonesfi01,1905,CHA,1,158,2
lajoina01,1905,CLE,1,58,5
bradlbi01,1905,CLE,2,41,5
lajoina01,1905,CLE,3,56,5
armoubi99,1905,DET,1,154,3
griffcl01,1905,NYA,1,152,6
mackco01,1905,PHA,1,152,1
mcaleji01,1905,SLA,1,156,8
stahlja01,1905,WS1,1,154,7
hanlone01,1905,BRO,1,155,8
tennefr02,1905,BSN,1,156,7
seleefr99,1905,CHN,1,65,3
chancfr01,1905,CHN,2,90,3
kellejo01,1905,CIN,1,155,5
mcgrajo01,1905,NY1,1,155,1
duffyhu01,1905,PHI,1,155,4
clarkfr01,1905,PIT,1,155,2
nichoki01,1905,SLN,1,14,6
burkeji01,1905,SLN,2,90,6
robisst99,1905,SLN,3,50,6
colliji01,1906,BOS,1,115,8
stahlch01,1906,BOS,2,40,8
jonesfi01,1906,CHA,1,154,1
lajoina01,1906,CLE,1,157,3
armoubi99,1906,DET,1,151,6
griffcl01,1906,NYA,1,155,2
mackco01,1906,PHA,1,149,4
mcaleji01,1906,SLA,1,154,5
stahlja01,1906,WS1,1,151,7
donovpa01,1906,BRO,1,153,5
tennefr02,1906,BSN,1,152,8
chancfr01,1906,CHN,1,155,1
hanlone01,1906,CIN,1,155,6
mcgrajo01,1906,NY1,1,153,2
duffyhu01,1906,PHI,1,154,4
clarkfr01,1906,PIT,1,154,3
mcclojo99,1906,SLN,1,154,7
youngcy01,1907,BOS,1,6,7
huffge99,1907,BOS,2,8,7
unglabo01,1907,BOS,3,29,7
mcguide01,1907,BOS,4,112,7
jonesfi01,1907,CHA,1,157,3
lajoina01,1907,CLE,1,158,4
jennihu01,1907,DET,1,153,1
griffcl01,1907,NYA,1,152,5
mackco01,1907,PHA,1,150,2
mcaleji01,1907,SLA,1,155,6
cantijo99,1907,WS1,1,154,8
donovpa01,1907,BRO,1,153,5
tennefr02,1907,BSN,1,152,7
chancfr01,1907,CHN,1,155,1
hanlone01,1907,CIN,1,156,6
mcgrajo01,1907,NY1,1,155,4
murrabi99,1907,PHI,1,149,3
clarkfr01,1907,PIT,1,157,2
mcclojo99,1907,SLN,1,155,8
mcguide01,1908,BOS,1,115,5
lakefr01,1908,BOS,2,40,5
jonesfi01,1908,CHA,1,156,3
lajoina01,1908,CLE,1,157,2
jennihu01,1908,DET,1,154,1
griffcl01,1908,NYA,1,57,8
elberki01,1908,NYA,2,98,8
mackco01,1908,PHA,1,157,6
mcaleji01,1908,SLA,1,155,4
cantijo99,1908,WS1,1,155,7
donovpa01,1908,BRO,1,154,7
kellejo01,1908,BSN,1,156,6
chancfr01,1908,CHN,1,158,1
ganzejo01,1908,CIN,1,155,5
mcgrajo01,1908,NY1,1,157,3
murrabi99,1908,PHI,1,155,4
clarkfr01,1908,PIT,1,155,2
mcclojo99,1908,SLN,1,154,8
lakefr01,1909,BOS,1,152,3
sullibi03,1909,CHA,1,159,4
lajoina01,1909,CLE,1,114,6
mcguide01,1909,CLE,2,41,6
jennihu01,1909,DET,1,158,1
stallge01,1909,NYA,1,153,5
mackco01,1909,PHA,1,153,2
mcaleji01,1909,SLA,1,154,7
cantijo99,1909,WS1,1,156,8
lumleha01,1909,BRO,1,155,6
bowerfr01,1909,BSN,1,76,8
smithha03,1909,BSN,2,79,8
chancfr01,1909,CHN,1,155,2
griffcl01,1909,CIN,1,157,4
mcgrajo01,1909,NY1,1,158,3
murrabi99,1909,PHI,1,154,5
clarkfr01,1909,PIT,1,154,1
bresnro01,1909,SLN,1,154,7
donovpa01,1910,BOS,1,158,4
duffyhu01,1910,CHA,1,156,6
mcguide01,1910,CLE,1,161,5
jennihu01,1910,DET,1,155,3
stallge01,1910,NYA,1,142,2
chaseha01,1910,NYA,2,14,2
mackco01,1910,PHA,1,155,1
oconnja01,1910,SLA,1,158,8
mcaleji01,1910,WS1,1,157,7
dahlebi01,1910,BRO,1,156,6
lakefr01,1910,BSN,1,157,8
chancfr01,1910,CHN,1,154,1
griffcl01,1910,CIN,1,156,5
mcgrajo01,1910,NY1,1,155,2
dooinre01,1910,PHI,1,157,4
clarkfr01,1910,PIT,1,154,3
bresnro01,1910,SLN,1,153,7
donovpa01,1911,BOS,1,153,5
duffyhu01,1911,CHA,1,154,4
mcguide01,1911,CLE,1,17,3
stovage01,1911,CLE,2,139,3
jennihu01,1911,DET,1,154,2
chaseha01,1911,NYA,1,153,6
mackco01,1911,PHA,1,152,1
wallabo01,1911,SLA,1,152,8
mcaleji01,1911,WS1,1,154,7
dahlebi01,1911,BRO,1,154,7
tennefr02,1911,BSN,1,156,8
chancfr01,1911,CHN,1,158,2
griffcl01,1911,CIN,1,159,6
mcgrajo01,1911,NY1,1,154,1
dooinre01,1911,PHI,1,153,4
clarkfr01,1911,PIT,1,156,3
bresnro01,1911,SLN,1,158,5
stahlja01,1912,BOS,1,154,1
callani01,1912,CHA,1,158,4
davisha01,1912,CLE,1,127,5
birmijo01,1912,CLE,2,28,5
jennihu01,1912,DET,1,154,6
wolveha01,1912,NYA,1,153,8
mackco01,1912,PHA,1,153,3
wallabo01,1912,SLA,1,40,7
stovage01,1912,SLA,2,117,7
griffcl01,1912,WS1,1,154,2
dahlebi01,1912,BRO,1,153,7
klingjo01,1912,BSN,1,155,8
chancfr01,1912,CHN,1,153,3
odayha01,1912,CIN,1,155,4
mcgrajo01,1912,NY1,1,154,1
dooinre01,1912,PHI,1,152,5
clarkfr01,1912,PIT,1,153,2
bresnro01,1912,SLN,1,153,6
stahlja01,1913,BOS,1,81,4
carribi02,1913,BOS,2,70,4
callani01,1913,CHA,1,153,5
birmijo01,1913,CLE,1,155,3
jennihu01,1913,DET,1,153,6
chancfr01,1913,NYA,1,153,7
mackco01,1913,PHA,1,153,1
stovage01,1913,SLA,1,135,8
austiji01,1913,SLA,2,8,8
rickebr01,1913,SLA,3,12,8
griffcl01,1913,WS1,1,155,2
dahlebi01,1913,BRO,1,152,6
stallge01,1913,BSN,1,154,5
eversjo01,1913,CHN,1,155,3
tinkejo01,1913,CIN,1,156,7
mcgrajo01,1913,NY1,1,156,1
dooinre01,1913,PHI,1,159,2
clarkfr01,1913,PIT,1,155,4
huggimi01,1913,SLN,1,153,8
carribi02,1914,BOS,1,159,2
callani01,1914,CHA,1,157,7
birmijo01,1914,CLE,1,157,8
jennihu01,1914,DET,1,157,4
chancfr01,1914,NYA,1,137,6
peckiro01,1914,NYA,2,20,6
mackco01,1914,PHA,1,158,1
rickebr01,1914,SLA,1,159,5
griffcl01,1914,WS1,1,158,3
knabeot01,1914,BLF,1,160,3
bradlbi01,1914,BRF,1,157,5
schlala01,1914,BUF,1,156,4
tinkejo01,1914,CHF,1,158,2
phillbi02,1914,IND,1,157,1
stovage01,1914,KCF,1,154,6
gessldo01,1914,PTF,1,11,7
oakesre01,1914,PTF,2,143,7
brownmo01,1914,SLF,1,114,8
jonesfi01,1914,SLF,2,40,8
robinwi01,1914,BRO,1,154,5
stallge01,1914,BSN,1,158,1
odayha01,1914,CHN,1,156,4
herzobu01,1914,CIN,1,157,8
mcgrajo01,1914,NY1,1,156,2
dooinre01,1914,PHI,1,154,6
clarkfr01,1914,PIT,1,158,7
huggimi01,1914,SLN,1,157,3
carribi02,1915,BOS,1,155,1
rowlapa99,1915,CHA,1,156,3
birmijo01,1915,CLE,1,28,7
fohlle01,1915,CLE,2,127,7
jennihu01,1915,DET,1,156,2
donovbi01,1915,NYA,1,154,5
mackco01,1915,PHA,1,154,8
rickebr01,1915,SLA,1,159,6
griffcl01,1915,WS1,1,155,4
knabeot01,1915,BLF,1,155,8
mageele01,1915,BRF,1,118,7
ganzejo01,1915,BRF,2,35,7
schlala01,1915,BUF,1,41,6
blairwa01,1915,BUF,2,2,6
lordha01,1915,BUF,3,110,6
tinkejo01,1915,CHF,1,156,1
stovage01,1915,KCF,1,153,4
phillbi02,1915,NEW,1,53,5
mckecbi01,1915,NEW,2,102,5
oakesre01,1915,PTF,1,156,3
jonesfi01,1915,SLF,1,159,2
robinwi01,1915,BRO,1,154,3
stallge01,1915,BSN,1,157,2
bresnro01,1915,CHN,1,157,4
herzobu01,1915,CIN,1,160,7
mcgrajo01,1915,NY1,1,155,8
moranpa01,1915,PHI,1,153,1
clarkfr01,1915,PIT,1,157,5
huggimi01,1915,SLN,1,157,6
carribi02,1916,BOS,1,156,1
rowlapa99,1916,CHA,1,155,2
fohlle01,1916,CLE,1,157,6
jennihu01,1916,DET,1,155,3
donovbi01,1916,NYA,1,156,4
mackco01,1916,PHA,1,154,8
jonesfi01,1916,SLA,1,158,5
griffcl01,1916,WS1,1,159,7
robinwi01,1916,BRO,1,156,1
stallge01,1916,BSN,1,158,3
tinkejo01,1916,CHN,1,156,5
herzobu01,1916,CIN,1,84,7
wingoiv01,1916,CIN,2,2,7
mathech01,1916,CIN,3,69,7
mcgrajo01,1916,NY1,1,155,4
moranpa01,1916,PHI,1,154,2
callani01,1916,PIT,1,157,6
huggimi01,1916,SLN,1,153,7
barryja01,1917,BOS,1,157,2
rowlapa99,1917,CHA,1,156,1
fohlle01,1917,CLE,1,156,3
jennihu01,1917,DET,1,155,4
donovbi01,1917,NYA,1,155,6
mackco01,1917,PHA,1,154,8
jonesfi01,1917,SLA,1,155,7
griffcl01,1917,WS1,1,158,5
robinwi01,1917,BRO,1,156,7
stallge01,1917,BSN,1,158,6
mitchfr01,1917,CHN,1,157,5
mathech01,1917,CIN,1,157,4
mcgrajo01,1917,NY1,1,158,1
moranpa01,1917,PHI,1,155,2
callani01,1917,PIT,1,61,8
wagneho01,1917,PIT,2,5,8
bezdehu99,1917,PIT,3,91,8
huggimi01,1917,SLN,1,154,3
barroed99,1918,BOS,1,126,1
rowlapa99,1918,CHA,1,124,6
fohlle01,1918,CLE,1,129,2
jennihu01,1918,DET,1,128,7
huggimi01,1918,NYA,1,126,4
mackco01,1918,PHA,1,130,8
jonesfi01,1918,SLA,1,46,5
austiji01,1918,SLA,2,16,5
burkeji01,1918,SLA,3,61,5
griffcl01,1918,WS1,1,130,3
robinwi01,1918,BRO,1,127,5
stallge01,1918,BSN,1,124,7
mitchfr01,1918,CHN,1,131,1
mathech01,1918,CIN,1,120,3
grohhe01,1918,CIN,2,10,3
mcgrajo01,1918,NY1,1,124,2
moranpa01,1918,PHI,1,125,6
bezdehu99,1918,PIT,1,126,4
hendrja01,1918,SLN,1,133,8
barroed99,1919,BOS,1,138,6
gleaski01,1919,CHA,1,140,1
fohlle01,1919,CLE,1,78,2
speaktr01,1919,CLE,2,61,2
jennihu01,1919,DET,1,140,4
huggimi01,1919,NYA,1,141,3
mackco01,1919,PHA,1,140,8
burkeji01,1919,SLA,1,140,5
griffcl01,1919,WS1,1,142,7
robinwi01,1919,BRO,1,141,5
stallge01,1919,BSN,1,140,6
mitchfr01,1919,CHN,1,140,3
moranpa01,1919,CIN,1,140,1
mcgrajo01,1919,NY1,1,140,2
coombja01,1919,PHI,1,63,8
cravaga01,1919,PHI,2,75,8
bezdehu99,1919,PIT,1,139,4
rickebr01,1919,SLN,1,138,7
barroed99,1920,BOS,1,154,5
gleaski01,1920,CHA,1,154,2
speaktr01,1920,CLE,1,154,1
jennihu01,1920,DET,1,155,7
huggimi01,1920,NYA,1,154,3
mackco01,1920,PHA,1,156,8
burkeji01,1920,SLA,1,154,4
griffcl01,1920,WS1,1,153,6
robinwi01,1920,BRO,1,155,1
stallge01,1920,BSN,1,153,7
mitchfr01,1920,CHN,1,154,6
moranpa01,1920,CIN,1,154,3
mcgrajo01,1920,NY1,1,155,2
cravaga01,1920,PHI,1,153,8
gibsoge01,1920,PIT,1,155,4
rickebr01,1920,SLN,1,155,5
duffyhu01,1921,BOS,1,154,5
gleaski01,1921,CHA,1,154,7
speaktr01,1921,CLE,1,154,2
cobbty01,1921,DET,1,154,6
huggimi01,1921,NYA,1,153,1
mackco01,1921,PHA,1,155,8
fohlle01,1921,SLA,1,154,3
mcbrige01,1921,WS1,1,154,4
robinwi01,1921,BRO,1,152,5
mitchfr01,1921,BSN,1,153,4
eversjo01,1921,CHN,1,96,7
killebi01,1921,CHN,2,57,7
moranpa01,1921,CIN,1,153,6
mcgrajo01,1921,NY1,1,153,1
donovbi01,1921,PHI,1,87,8
wilheka01,1921,PHI,2,67,8
gibsoge01,1921,PIT,1,154,2
rickebr01,1921,SLN,1,154,3
duffyhu01,1922,BOS,1,154,8
gleaski01,1922,CHA,1,155,5
speaktr01,1922,CLE,1,155,4
cobbty01,1922,DET,1,155,3
huggimi01,1922,NYA,1,154,1
mackco01,1922,PHA,1,155,7
fohlle01,1922,SLA,1,154,2
milancl01,1922,WS1,1,154,6
robinwi01,1922,BRO,1,155,6
mitchfr01,1922,BSN,1,154,8
killebi01,1922,CHN,1,156,5
moranpa01,1922,CIN,1,156,2
mcgrajo01,1922,NY1,1,156,1
wilheka01,1922,PHI,1,154,7
gibsoge01,1922,PIT,1,65,3
mckecbi01,1922,PIT,2,90,3
rickebr01,1922,SLN,1,154,3
chancfr01,1923,BOS,1,154,8
gleaski01,1923,CHA,1,156,7
speaktr01,1923,CLE,1,153,3
cobbty01,1923,DET,1,155,2
huggimi01,1923,NYA,1,152,1
mackco01,1923,PHA,1,153,6
fohlle01,1923,SLA,1,103,5
austiji01,1923,SLA,2,51,5
bushdo01,1923,WS1,1,155,4
robinwi01,1923,BRO,1,155,6
mitchfr01,1923,BSN,1,155,7
killebi01,1923,CHN,1,154,4
moranpa01,1923,CIN,1,154,2
mcgrajo01,1923,NY1,1,153,1
fletcar01,1923,PHI,1,155,8
mckecbi01,1923,PIT,1,154,3
rickebr01,1923,SLN,1,154,5
fohlle01,1924,BOS,1,157,7
eversjo01,1924,CHA,1,21,6
walshed01,1924,CHA,2,3,6
collied01,1924,CHA,3,27,6
eversjo01,1924,CHA,4,103,8
speaktr01,1924,CLE,1,153,6
cobbty01,1924,DET,1,156,3
huggimi01,1924,NYA,1,153,2
mackco01,1924,PHA,1,152,5
sislege01,1924,SLA,1,153,4
harribu01,1924,WS1,1,156,1
robinwi01,1924,BRO,1,154,2
bancrda01,1924,BSN,1,154,8
killebi01,1924,CHN,1,154,5
hendrja01,1924,CIN,1,153,4
mcgrajo01,1924,NY1,1,29,1
jennihu01,1924,NY1,2,44,1
mcgrajo01,1924,NY1,3,81,1
fletcar01,1924,PHI,1,152,7
mckecbi01,1924,PIT,1,153,3
rickebr01,1924,SLN,1,154,6
fohlle01,1925,BOS,1,152,8
collied01,1925,CHA,1,154,5
speaktr01,1925,CLE,1,155,6
cobbty01,1925,DET,1,156,4
huggimi01,1925,NYA,1,156,7
mackco01,1925,PHA,1,153,2
sislege01,1925,SLA,1,154,3
harribu01,1925,WS1,1,152,1
robinwi01,1925,BRO,1,153,7
bancrda01,1925,BSN,1,153,5
killebi01,1925,CHN,1,75,8
maranra01,1925,CHN,2,53,8
gibsoge01,1925,CHN,3,26,8
hendrja01,1925,CIN,1,153,3
mcgrajo01,1925,NY1,1,14,2
jennihu01,1925,NY1,2,32,2
mcgrajo01,1925,NY1,3,106,2
fletcar01,1925,PHI,1,153,6
mckecbi01,1925,PIT,1,153,1
rickebr01,1925,SLN,1,38,4
hornsro01,1925,SLN,2,115,4
fohlle01,1926,BOS,1,154,8
collied01,1926,CHA,1,155,5
speaktr01,1926,CLE,1,154,2
cobbty01,1926,DET,1,157,6
huggimi01,1926,NYA,1,155,1
mackco01,1926,PHA,1,150,3
sislege01,1926,SLA,1,155,7
harribu01,1926,WS1,1,152,4
robinwi01,1926,BRO,1,155,6
bancrda01,1926,BSN,1,153,7
mccarjo99,1926,CHN,1,155,4
hendrja01,1926,CIN,1,157,2
mcgrajo01,1926,NY1,1,151,5
fletcar01,1926,PHI,1,152,8
mckecbi01,1926,PIT,1,157,3
hornsro01,1926,SLN,1,156,1
carribi02,1927,BOS,1,154,8
schalra01,1927,CHA,1,153,5
mccalja99,1927,CLE,1,153,6
moriage02,1927,DET,1,156,4
huggimi01,1927,NYA,1,155,1
mackco01,1927,PHA,1,155,2
howleda01,1927,SLA,1,155,7
harribu01,1927,WS1,1,157,3
robinwi01,1927,BRO,1,154,6
bancrda01,1927,BSN,1,155,7
mccarjo99,1927,CHN,1,153,4
hendrja01,1927,CIN,1,153,5
mcgrajo01,1927,NY1,1,122,3
hornsro01,1927,NY1,2,33,3
mcinnst01,1927,PHI,1,155,8
bushdo01,1927,PIT,1,156,1
ofarrbo01,1927,SLN,1,153,2
carribi02,1928,BOS,1,154,8
schalra01,1928,CHA,1,75,5
blackle01,1928,CHA,2,80,5
peckiro01,1928,CLE,1,155,7
moriage02,1928,DET,1,154,6
huggimi01,1928,NYA,1,154,1
mackco01,1928,PHA,1,153,2
howleda01,1928,SLA,1,154,3
harribu01,1928,WS1,1,155,4
robinwi01,1928,BRO,1,155,6
slattja01,1928,BSN,1,31,7
hornsro01,1928,BSN,2,122,7
mccarjo99,1928,CHN,1,154,3
hendrja01,1928,CIN,1,153,5
mcgrajo01,1928,NY1,1,155,2
shottbu01,1928,PHI,1,152,8
bushdo01,1928,PIT,1,152,4
mckecbi01,1928,SLN,1,154,1
carribi02,1929,BOS,1,155,8
blackle01,1929,CHA,1,152,7
peckiro01,1929,CLE,1,152,3
harribu01,1929,DET,1,155,6
huggimi01,1929,NYA,1,143,2
fletcar01,1929,NYA,2,11,2
mackco01,1929,PHA,1,151,1
howleda01,1929,SLA,1,154,4
johnswa01,1929,WS1,1,153,5
robinwi01,1929,BRO,1,153,6
fuchsju99,1929,BSN,1,154,8
mccarjo99,1929,CHN,1,156,1
hendrja01,1929,CIN,1,155,7
mcgrajo01,1929,NY1,1,152,3
shottbu01,1929,PHI,1,154,5
bushdo01,1929,PIT,1,119,2
ensje01,1929,PIT,2,35,2
southbi01,1929,SLN,1,90,4
streega01,1929,SLN,2,1,4
mckecbi01,1929,SLN,3,63,4
wagnehe01,1930,BOS,1,154,8
bushdo01,1930,CHA,1,154,7
peckiro01,1930,CLE,1,154,4
harribu01,1930,DET,1,154,5
shawkbo01,1930,NYA,1,154,3
mackco01,1930,PHA,1,154,1
killebi01,1930,SLA,1,154,6
johnswa01,1930,WS1,1,154,2
robinwi01,1930,BRO,1,154,4
mckecbi01,1930,BSN,1,154,6
mccarjo99,1930,CHN,1,152,2
hornsro01,1930,CHN,2,4,2
howleda01,1930,CIN,1,154,7
mcgrajo01,1930,NY1,1,154,3
shottbu01,1930,PHI,1,156,8
ensje01,1930,PIT,1,154,5
streega01,1930,SLN,1,154,1
collish01,1931,BOS,1,153,6
bushdo01,1931,CHA,1,156,8
peckiro01,1931,CLE,1,155,4
harribu01,1931,DET,1,154,7
mccarjo99,1931,NYA,1,155,2
mackco01,1931,PHA,1,153,1
killebi01,1931,SLA,1,154,5
johnswa01,1931,WS1,1,156,3
robinwi01,1931,BRO,1,153,4
mckecbi01,1931,BSN,1,156,7
hornsro01,1931,CHN,1,156,3
howleda01,1931,CIN,1,154,8
mcgrajo01,1931,NY1,1,153,2
shottbu01,1931,PHI,1,155,6
ensje01,1931,PIT,1,155,5
streega01,1931,SLN,1,154,1
collish01,1932,BOS,1,55,8
mcmanma01,1932,BOS,2,99,8
fonsele01,1932,CHA,1,152,7
peckiro01,1932,CLE,1,153,4
harribu01,1932,DET,1,153,5
mccarjo99,1932,NYA,1,156,1
mackco01,1932,PHA,1,154,2
killebi01,1932,SLA,1,154,6
johnswa01,1932,WS1,1,154,3
careyma01,1932,BRO,1,154,3
mckecbi01,1932,BSN,1,155,5
hornsro01,1932,CHN,1,99,1
grimmch01,1932,CHN,2,55,1
howleda01,1932,CIN,1,155,8
mcgrajo01,1932,NY1,1,40,6
terrybi01,1932,NY1,2,114,6
shottbu01,1932,PHI,1,154,4
gibsoge01,1932,PIT,1,154,2
streega01,1932,SLN,1,156,6
mcmanma01,1933,BOS,1,149,7
fonsele01,1933,CHA,1,151,6
peckiro01,1933,CLE,1,51,4
falkbi01,1933,CLE,2,1,4
johnswa01,1933,CLE,3,99,4
harribu01,1933,DET,1,153,5
bakerde01,1933,DET,2,2,5
mccarjo99,1933,NYA,1,152,2
mackco01,1933,PHA,1,152,3
killebi01,1933,SLA,1,91,8
sothoal01,1933,SLA,2,8,8
hornsro01,1933,SLA,3,54,8
cronijo01,1933,WS1,1,153,1
careyma01,1933,BRO,1,157,6
mckecbi01,1933,BSN,1,156,4
grimmch01,1933,CHN,1,154,3
bushdo01,1933,CIN,1,153,8
terrybi01,1933,NY1,1,156,1
shottbu01,1933,PHI,1,152,7
gibsoge01,1933,PIT,1,154,2
streega01,1933,SLN,1,91,5
friscfr01,1933,SLN,2,63,5
harribu01,1934,BOS,1,153,4
fonsele01,1934,CHA,1,15,8
dykesji01,1934,CHA,2,138,8
johnswa01,1934,CLE,1,154,3
cochrmi01,1934,DET,1,154,1
mccarjo99,1934,NYA,1,154,2
mackco01,1934,PHA,1,153,5
hornsro01,1934,SLA,1,154,6
cronijo01,1934,WS1,1,155,7
stengca01,1934,BRO,1,153,6
mckecbi01,1934,BSN,1,152,4
grimmch01,1934,CHN,1,152,3
ofarrbo01,1934,CIN,1,91,8
shottbu01,1934,CIN,2,1,8
dressch01,1934,CIN,3,60,8
terrybi01,1934,NY1,1,153,2
wilsoji01,1934,PHI,1,149,7
gibsoge01,1934,PIT,1,51,5
traynpi01,1934,PIT,2,100,5
friscfr01,1934,SLN,1,154,1
cronijo01,1935,BOS,1,154,4
dykesji01,1935,CHA,1,153,5
johnswa01,1935,CLE,1,96,3
oneilst01,1935,CLE,2,60,3
cochrmi01,1935,DET,1,152,1
mccarjo99,1935,NYA,1,149,2
mackco01,1935,PHA,1,149,8
hornsro01,1935,SLA,1,155,7
harribu01,1935,WS1,1,154,6
stengca01,1935,BRO,1,154,5
mckecbi01,1935,BSN,1,153,8
grimmch01,1935,CHN,1,154,1
dressch01,1935,CIN,1,154,6
terrybi01,1935,NY1,1,156,3
wilsoji01,1935,PHI,1,156,7
traynpi01,1935,PIT,1,153,4
friscfr01,1935,SLN,1,154,2
cronijo01,1936,BOS,1,155,6
dykesji01,1936,CHA,1,153,3
oneilst01,1936,CLE,1,157,5
cochrmi01,1936,DET,1,53,2
bakerde01,1936,DET,2,34,2
cochrmi01,1936,DET,3,67,2
mccarjo99,1936,NYA,1,155,1
mackco01,1936,PHA,1,154,8
hornsro01,1936,SLA,1,155,7
harribu01,1936,WS1,1,153,4
stengca01,1936,BRO,1,156,7
mckecbi01,1936,BSN,1,157,6
grimmch01,1936,CHN,1,154,3
dressch01,1936,CIN,1,154,5
terrybi01,1936,NY1,1,154,1
wilsoji01,1936,PHI,1,154,8
traynpi01,1936,PIT,1,156,4
friscfr01,1936,SLN,1,155,2
cronijo01,1937,BOS,1,154,5
dykesji01,1937,CHA,1,154,3
oneilst01,1937,CLE,1,156,4
cochrmi01,1937,DET,1,29,2
bakerde01,1937,DET,2,54,2
cochrmi01,1937,DET,3,47,2
bakerde01,1937,DET,4,10,2
perkicy01,1937,DET,5,15,2
mccarjo99,1937,NYA,1,157,1
mackco01,1937,PHA,1,120,7
mackea01,1937,PHA,2,34,7
hornsro01,1937,SLA,1,78,8
bottoji01,1937,SLA,2,78,8
harribu01,1937,WS1,1,158,6
grimebu01,1937,BRO,1,155,6
mckecbi01,1937,BSN,1,152,5
grimmch01,1937,CHN,1,154,2
dressch01,1937,CIN,1,130,8
wallabo01,1937,CIN,2,25,8
terrybi01,1937,NY1,1,152,1
wilsoji01,1937,PHI,1,155,7
traynpi01,1937,PIT,1,154,3
friscfr01,1937,SLN,1,157,4
cronijo01,1938,BOS,1,150,2
dykesji01,1938,CHA,1,149,6
vittos01,1938,CLE,1,153,3
cochrmi01,1938,DET,1,98,4
bakerde01,1938,DET,2,57,4
mccarjo99,1938,NYA,1,157,1
mackco01,1938,PHA,1,154,8
streega01,1938,SLA,1,146,7
melilsk01,1938,SLA,2,10,7
harribu01,1938,WS1,1,152,5
grimebu01,1938,BRO,1,151,7
stengca01,1938,BSN,1,153,5
grimmch01,1938,CHN,1,81,1
hartnga01,1938,CHN,2,73,1
mckecbi01,1938,CIN,1,151,4
terrybi01,1938,NY1,1,152,3
wilsoji01,1938,PHI,1,149,8
loberha01,1938,PHI,2,2,8
traynpi01,1938,PIT,1,152,2
friscfr01,1938,SLN,1,139,6
gonzami01,1938,SLN,2,17,6
cronijo01,1939,BOS,1,152,2
dykesji01,1939,CHA,1,155,4
vittos01,1939,CLE,1,154,3
bakerde01,1939,DET,1,155,5
mccarjo99,1939,NYA,1,152,1
mackco01,1939,PHA,1,62,7
mackea01,1939,PHA,2,91,7
haneyfr01,1939,SLA,1,156,8
harribu01,1939,WS1,1,153,6
durocle01,1939,BRO,1,157,3
stengca01,1939,BSN,1,152,7
hartnga01,1939,CHN,1,156,4
mckecbi01,1939,CIN,1,156,1
terrybi01,1939,NY1,1,151,5
prothdo01,1939,PHI,1,152,8
traynpi01,1939,PIT,1,153,6
bladera01,1939,SLN,1,155,2
cronijo01,1940,BOS,1,154,5
dykesji01,1940,CHA,1,155,4
vittos01,1940,CLE,1,155,2
bakerde01,1940,DET,1,155,1
mccarjo99,1940,NYA,1,155,3
mackco01,1940,PHA,1,154,8
haneyfr01,1940,SLA,1,156,6
harribu01,1940,WS1,1,154,7
durocle01,1940,BRO,1,156,2
stengca01,1940,BSN,1,152,7
hartnga01,1940,CHN,1,154,5
mckecbi01,1940,CIN,1,155,1
terrybi01,1940,NY1,1,152,6
prothdo01,1940,PHI,1,153,8
friscfr01,1940,PIT,1,156,4
bladera01,1940,SLN,1,39,3
gonzami01,1940,SLN,2,6,3
southbi01,1940,SLN,3,111,3
cronijo01,1941,BOS,1,155,2
dykesji01,1941,CHA,1,156,3
peckiro01,1941,CLE,1,155,5
bakerde01,1941,DET,1,155,4
mccarjo99,1941,NYA,1,156,1
mackco01,1941,PHA,1,154,8
haneyfr01,1941,SLA,1,44,6
sewellu01,1941,SLA,2,113,6
harribu01,1941,WS1,1,156,6
durocle01,1941,BRO,1,157,1
stengca01,1941,BSN,1,156,7
wilsoji01,1941,CHN,1,155,6
mckecbi01,1941,CIN,1,154,3
terrybi01,1941,NY1,1,156,5
prothdo01,1941,PHI,1,155,8
friscfr01,1941,PIT,1,156,4
southbi01,1941,SLN,1,155,2
cronijo01,1942,BOS,1,152,2
dykesji01,1942,CHA,1,148,6
boudrlo01,1942,CLE,1,156,4
bakerde01,1942,DET,1,156,5
mccarjo99,1942,NYA,1,154,1
mackco01,1942,PHA,1,154,8
sewellu01,1942,SLA,1,151,3
harribu01,1942,WS1,1,151,7
durocle01,1942,BRO,1,155,2
stengca01,1942,BSN,1,150,7
wilsoji01,1942,CHN,1,155,6
mckecbi01,1942,CIN,1,154,4
ottme01,1942,NY1,1,154,3
loberha01,1942,PHI,1,151,8
friscfr01,1942,PIT,1,151,5
southbi01,1942,SLN,1,156,1
cronijo01,1943,BOS,1,155,7
dykesji01,1943,CHA,1,155,4
boudrlo01,1943,CLE,1,153,3
oneilst01,1943,DET,1,155,5
mccarjo99,1943,NYA,1,155,1
mackco01,1943,PHA,1,155,8
sewellu01,1943,SLA,1,153,6
bluegos01,1943,WS1,1,153,2
durocle01,1943,BRO,1,153,3
colembo01,1943,BSN,1,46,6
stengca01,1943,BSN,2,107,6
wilsoji01,1943,CHN,1,154,5
mckecbi01,1943,CIN,1,155,2
ottme01,1943,NY1,1,156,8
harribu01,1943,PHI,1,94,7
fitzsfr01,1943,PHI,2,63,7
friscfr01,1943,PIT,1,157,4
southbi01,1943,SLN,1,157,1
cronijo01,1944,BOS,1,156,4
dykesji01,1944,CHA,1,154,7
boudrlo01,1944,CLE,1,155,6
oneilst01,1944,DET,1,156,2
mccarjo99,1944,NYA,1,154,3
mackco01,1944,PHA,1,155,5
sewellu01,1944,SLA,1,154,1
bluegos01,1944,WS1,1,154,8
durocle01,1944,BRO,1,155,7
colembo01,1944,BSN,1,155,6
wilsoji01,1944,CHN,1,10,4
johnsro01,1944,CHN,2,1,4
grimmch01,1944,CHN,3,146,4
mckecbi01,1944,CIN,1,155,3
ottme01,1944,NY1,1,155,5
fitzsfr01,1944,PHI,1,154,8
friscfr01,1944,PIT,1,158,2
southbi01,1944,SLN,1,157,1
cronijo01,1945,BOS,1,157,7
dykesji01,1945,CHA,1,150,6
boudrlo01,1945,CLE,1,147,5
oneilst01,1945,DET,1,155,1
mccarjo99,1945,NYA,1,152,4
mackco01,1945,PHA,1,153,8
sewellu01,1945,SLA,1,154,3
bluegos01,1945,WS1,1,156,2
durocle01,1945,BRO,1,155,3
colembo01,1945,BSN,1,94,6
bissode01,1945,BSN,2,60,6
grimmch01,1945,CHN,1,155,1
mckecbi01,1945,CIN,1,154,7
ottme01,1945,NY1,1,154,5
fitzsfr01,1945,PHI,1,69,8
chapmbe01,1945,PHI,2,85,8
friscfr01,1945,PIT,1,155,4
southbi01,1945,SLN,1,155,2
cronijo01,1946,BOS,1,156,1
dykesji01,1946,CHA,1,30,5
lyonste01,1946,CHA,2,125,5
boudrlo01,1946,CLE,1,156,6
oneilst01,1946,DET,1,155,2
mccarjo99,1946,NYA,1,35,3
dickebi01,1946,NYA,2,105,3
neunjo01,1946,NYA,3,14,3
mackco01,1946,PHA,1,155,8
sewellu01,1946,SLA,1,125,7
tayloza02,1946,SLA,2,31,7
bluegos01,1946,WS1,1,155,4
durocle01,1946,BRO,1,157,2
southbi01,1946,BSN,1,154,4
grimmch01,1946,CHN,1,155,3
mckecbi01,1946,CIN,1,152,6
gowdyha01,1946,CIN,2,4,6
ottme01,1946,NY1,1,154,8
chapmbe01,1946,PHI,1,155,5
friscfr01,1946,PIT,1,152,7
davissp01,1946,PIT,2,3,7
dyered01,1946,SLN,1,156,1
cronijo01,1947,BOS,1,157,3
lyonste01,1947,CHA,1,155,6
boudrlo01,1947,CLE,1,157,4
oneilst01,1947,DET,1,158,2
harribu01,1947,NYA,1,155,1
mackco01,1947,PHA,1,156,5
ruelmu01,1947,SLA,1,154,8
bluegos01,1947,WS1,1,154,7
sukefcl01,1947,BRO,1,2,1
shottbu01,1947,BRO,2,153,1
southbi01,1947,BSN,1,154,3
grimmch01,1947,CHN,1,155,6
neunjo01,1947,CIN,1,154,5
ottme01,1947,NY1,1,155,4
chapmbe01,1947,PHI,1,155,8
hermabi01,1947,PIT,1,155,7
burwebi01,1947,PIT,2,1,7
dyered01,1947,SLN,1,156,2
mccarjo99,1948,BOS,1,155,2
lyonste01,1948,CHA,1,154,8
boudrlo01,1948,CLE,1,156,1
oneilst01,1948,DET,1,154,5
harribu01,1948,NYA,1,154,3
mackco01,1948,PHA,1,154,4
tayloza02,1948,SLA,1,155,6
kuheljo01,1948,WS1,1,154,7
durocle01,1948,BRO,1,73,3
bladera01,1948,BRO,2,1,3
shottbu01,1948,BRO,3,81,3
southbi01,1948,BSN,1,154,1
grimmch01,1948,CHN,1,155,8
neunjo01,1948,CIN,1,100,7
waltebu01,1948,CIN,2,53,7
ottme01,1948,NY1,1,76,5
durocle01,1948,NY1,2,79,5
chapmbe01,1948,PHI,1,79,6
cookedu01,1948,PHI,2,13,6
sawyeed99,1948,PHI,3,63,6
meyerbi01,1948,PIT,1,156,4
dyered01,1948,SLN,1,155,2
mccarjo99,1949,BOS,1,155,2
onsloja01,1949,CHA,1,154,6
boudrlo01,1949,CLE,1,154,3
rolfere01,1949,DET,1,155,4
stengca01,1949,NYA,1,155,1
mackco01,1949,PHA,1,154,5
tayloza02,1949,SLA,1,155,7
kuheljo01,1949,WS1,1,154,8
shottbu01,1949,BRO,1,156,1
southbi01,1949,BSN,1,111,4
coonejo01,1949,BSN,2,46,4
grimmch01,1949,CHN,1,50,8
friscfr01,1949,CHN,2,104,8
waltebu01,1949,CIN,1,153,7
sewellu01,1949,CIN,2,3,7
durocle01,1949,NY1,1,156,5
sawyeed99,1949,PHI,1,154,3
meyerbi01,1949,PIT,1,154,6
dyered01,1949,SLN,1,157,2
mccarjo99,1950,BOS,1,59,3
oneilst01,1950,BOS,2,95,3
onsloja01,1950,CHA,1,31,6
corrire01,1950,CHA,2,125,6
boudrlo01,1950,CLE,1,155,4
rolfere01,1950,DET,1,157,2
stengca01,1950,NYA,1,155,1
mackco01,1950,PHA,1,154,8
tayloza02,1950,SLA,1,154,7
harribu01,1950,WS1,1,155,5
shottbu01,1950,BRO,1,155,2
southbi01,1950,BSN,1,156,4
friscfr01,1950,CHN,1,154,7
sewellu01,1950,CIN,1,153,6
durocle01,1950,NY1,1,154,3
sawyeed99,1950,PHI,1,157,1
meyerbi01,1950,PIT,1,154,8
dyered01,1950,SLN,1,153,5
oneilst01,1951,BOS,1,154,3
richapa01,1951,CHA,1,155,4
lopezal01,1951,CLE,1,155,2
rolfere01,1951,DET,1,154,5
stengca01,1951,NYA,1,154,1
dykesji01,1951,PHA,1,154,6
tayloza02,1951,SLA,1,154,8
harribu01,1951,WS1,1,154,7
dressch01,1951,BRO,1,158,2
southbi01,1951,BSN,1,60,4
holmeto01,1951,BSN,2,95,4
friscfr01,1951,CHN,1,81,8
cavarph01,1951,CHN,2,74,8
sewellu01,1951,CIN,1,155,6
durocle01,1951,NY1,1,157,1
sawyeed99,1951,PHI,1,154,5
meyerbi01,1951,PIT,1,155,7
marioma01,1951,SLN,1,155,3
boudrlo01,1952,BOS,1,154,6
richapa01,1952,CHA,1,156,3
lopezal01,1952,CLE,1,155,2
rolfere01,1952,DET,1,73,8
hutchfr01,1952,DET,2,83,8
stengca01,1952,NYA,1,154,1
dykesji01,1952,PHA,1,155,4
hornsro01,1952,SLA,1,51,7
marioma01,1952,SLA,2,104,7
harribu01,1952,WS1,1,157,5
dressch01,1952,BRO,1,155,1
holmeto01,1952,BSN,1,35,7
grimmch01,1952,BSN,2,120,7
cavarph01,1952,CHN,1,155,5
sewellu01,1952,CIN,1,98,6
bruckea01,1952,CIN,2,5,6
hornsro01,1952,CIN,3,51,6
durocle01,1952,NY1,1,154,2
sawyeed99,1952,PHI,1,63,4
oneilst01,1952,PHI,2,91,4
meyerbi01,1952,PIT,1,155,8
stanked01,1952,SLN,1,154,3
boudrlo01,1953,BOS,1,153,4
richapa01,1953,CHA,1,156,3
lopezal01,1953,CLE,1,155,2
hutchfr01,1953,DET,1,158,6
stengca01,1953,NYA,1,151,1
dykesji01,1953,PHA,1,157,7
marioma01,1953,SLA,1,154,8
harribu01,1953,WS1,1,152,5
dressch01,1953,BRO,1,155,1
cavarph01,1953,CHN,1,155,7
hornsro01,1953,CIN,1,147,6
millsbu01,1953,CIN,2,8,6
grimmch01,1953,ML1,1,157,2
durocle01,1953,NY1,1,155,5
oneilst01,1953,PHI,1,156,4
haneyfr01,1953,PIT,1,154,8
stanked01,1953,SLN,1,157,3
dykesji01,1954,BAL,1,154,7
boudrlo01,1954,BOS,1,156,4
richapa01,1954,CHA,1,146,3
marioma01,1954,CHA,2,9,3
lopezal01,1954,CLE,1,156,1
hutchfr01,1954,DET,1,155,5
stengca01,1954,NYA,1,155,2
joosted01,1954,PHA,1,156,8
harribu01,1954,WS1,1,155,6
alstowa01,1954,BRO,1,154,2
hackst01,1954,CHN,1,154,7
tebbebi01,1954,CIN,1,154,5
grimmch01,1954,ML1,1,154,3
durocle01,1954,NY1,1,154,1
oneilst01,1954,PHI,1,77,4
moorete01,1954,PHI,2,77,4
haneyfr01,1954,PIT,1,154,8
stanked01,1954,SLN,1,154,6
richapa01,1955,BAL,1,156,7
higgipi01,1955,BOS,1,154,4
marioma01,1955,CHA,1,155,3
lopezal01,1955,CLE,1,154,2
harribu01,1955,DET,1,154,5
boudrlo01,1955,KC1,1,155,6
stengca01,1955,NYA,1,154,1
dressch01,1955,WS1,1,154,8
alstowa01,1955,BRO,1,154,1
hackst01,1955,CHN,1,154,6
tebbebi01,1955,CIN,1,154,5
grimmch01,1955,ML1,1,154,2
durocle01,1955,NY1,1,154,3
smithma01,1955,PHI,1,154,4
haneyfr01,1955,PIT,1,154,8
stanked01,1955,SLN,1,36,7
walkeha01,1955,SLN,2,118,7
richapa01,1956,BAL,1,154,6
higgipi01,1956,BOS,1,155,4
marioma01,1956,CHA,1,154,3
lopezal01,1956,CLE,1,155,2
harribu01,1956,DET,1,155,5
boudrlo01,1956,KC1,1,154,8
stengca01,1956,NYA,1,154,1
dressch01,1956,WS1,1,155,7
alstowa01,1956,BRO,1,154,1
hackst01,1956,CHN,1,157,8
tebbebi01,1956,CIN,1,155,3
grimmch01,1956,ML1,1,46,2
haneyfr01,1956,ML1,2,109,2
rignebi01,1956,NY1,1,154,6
smithma01,1956,PHI,1,154,5
bragabo01,1956,PIT,1,157,7
hutchfr01,1956,SLN,1,156,4
richapa01,1957,BAL,1,154,5
higgipi01,1957,BOS,1,154,3
lopezal01,1957,CHA,1,155,2
farreke01,1957,CLE,1,153,6
tigheja99,1957,DET,1,154,4
boudrlo01,1957,KC1,1,104,7
craftha01,1957,KC1,2,50,7
stengca01,1957,NYA,1,154,1
dressch01,1957,WS1,1,20,8
lavagco01,1957,WS1,2,134,8
alstowa01,1957,BRO,1,154,3
schefbo01,1957,CHN,1,156,8
tebbebi01,1957,CIN,1,154,4
haneyfr01,1957,ML1,1,155,1
rignebi01,1957,NY1,1,154,6
smithma01,1957,PHI,1,156,5
bragabo01,1957,PIT,1,104,7
murtada01,1957,PIT,2,51,7
hutchfr01,1957,SLN,1,154,2
richapa01,1958,BAL,1,154,6
higgipi01,1958,BOS,1,155,3
lopezal01,1958,CHA,1,155,2
bragabo01,1958,CLE,1,67,4
gordojo01,1958,CLE,2,86,4
tigheja99,1958,DET,1,49,5
normabi01,1958,DET,2,105,5
craftha01,1958,KC1,1,156,7
stengca01,1958,NYA,1,155,1
lavagco01,1958,WS1,1,156,8
schefbo01,1958,CHN,1,154,6
tebbebi01,1958,CIN,1,113,4
dykesji01,1958,CIN,2,41,4
alstowa01,1958,LAN,1,154,7
haneyfr01,1958,ML1,1,154,1
smithma01,1958,PHI,1,84,8
sawyeed99,1958,PHI,2,70,8
murtada01,1958,PIT,1,154,2
rignebi01,1958,SFN,1,154,3
hutchfr01,1958,SLN,1,144,5
hackst01,1958,SLN,2,10,5
richapa01,1959,BAL,1,155,6
higgipi01,1959,BOS,1,73,8
yorkru01,1959,BOS,2,1,5
jurgebi01,1959,BOS,3,80,5
lopezal01,1959,CHA,1,156,1
gordojo01,1959,CLE,1,154,2
normabi01,1959,DET,1,17,4
dykesji01,1959,DET,2,137,4
craftha01,1959,KC1,1,154,7
stengca01,1959,NYA,1,155,3
lavagco01,1959,WS1,1,154,8
schefbo01,1959,CHN,1,155,6
smithma01,1959,CIN,1,80,5
hutchfr01,1959,CIN,2,74,5
alstowa01,1959,LAN,1,156,1
haneyfr01,1959,ML1,1,157,2
sawyeed99,1959,PHI,1,155,8
murtada01,1959,PIT,1,155,4
rignebi01,1959,SFN,1,154,3
hemusso01,1959,SLN,1,154,7
richapa01,1960,BAL,1,154,2
jurgebi01,1960,BOS,1,42,7
bakerde01,1960,BOS,2,7,7
higgipi01,1960,BOS,3,105,7
lopezal01,1960,CHA,1,154,3
gordojo01,1960,CLE,1,95,4
whitejo01,1960,CLE,2,1,4
dykesji01,1960,CLE,3,58,4
dykesji01,1960,DET,1,96,6
hitchbi01,1960,DET,2,1,6
gordojo01,1960,DET,3,57,6
elliobo01,1960,KC1,1,155,8
stengca01,1960,NYA,1,155,1
lavagco01,1960,WS1,1,154,5
grimmch01,1960,CHN,1,17,7
boudrlo01,1960,CHN,2,139,7
hutchfr01,1960,CIN,1,154,6
alstowa01,1960,LAN,1,154,4
dressch01,1960,ML1,1,154,2
sawyeed99,1960,PHI,1,1,8
cohenan01,1960,PHI,2,1,8
mauchge01,1960,PHI,3,152,8
murtada01,1960,PIT,1,155,1
rignebi01,1960,SFN,1,58,5
sheehto02,1960,SFN,2,98,5
hemusso01,1960,SLN,1,155,3
richapa01,1961,BAL,1,136,3
harrilu01,1961,BAL,2,27,3
higgipi01,1961,BOS,1,163,6
lopezal01,1961,CHA,1,163,4
dykesji01,1961,CLE,1,160,5
hardeme01,1961,CLE,2,1,5
schefbo01,1961,DET,1,163,2
gordojo01,1961,KC1,1,60,9
bauerha01,1961,KC1,2,102,9
rignebi01,1961,LAA,1,162,8
lavagco01,1961,MIN,1,49,7
melesa01,1961,MIN,2,7,7
lavagco01,1961,MIN,3,10,7
melesa01,1961,MIN,4,95,7
houkra01,1961,NYA,1,163,1
vernomi01,1961,WS2,1,161,9
himslve99,1961,CHN,1,11,6
craftha01,1961,CHN,2,12,7
himslve99,1961,CHN,3,17,7
tappeel01,1961,CHN,4,2,7
craftha01,1961,CHN,5,4,7
himslve99,1961,CHN,6,4,7
tappeel01,1961,CHN,7,79,7
kleinlo01,1961,CHN,8,11,7
tappeel01,1961,CHN,9,16,7
hutchfr01,1961,CIN,1,154,1
alstowa01,1961,LAN,1,154,2
dressch01,1961,ML1,1,130,4
tebbebi01,1961,ML1,2,25,4
mauchge01,1961,PHI,1,155,8
murtada01,1961,PIT,1,154,6
darkal01,1961,SFN,1,155,3
hemusso01,1961,SLN,1,75,5
keanejo99,1961,SLN,2,80,5
hitchbi01,1962,BAL,1,162,7
higgipi01,1962,BOS,1,160,8
lopezal01,1962,CHA,1,162,5
mcgahme99,1962,CLE,1,160,6
hardeme01,1962,CLE,2,2,6
schefbo01,1962,DET,1,161,4
bauerha01,1962,KC1,1,162,9
rignebi01,1962,LAA,1,162,3
melesa01,1962,MIN,1,163,2
houkra01,1962,NYA,1,162,1
vernomi01,1962,WS2,1,162,10
tappeel01,1962,CHN,1,20,9
kleinlo01,1962,CHN,2,30,9
metroch01,1962,CHN,3,112,9
hutchfr01,1962,CIN,1,162,3
craftha01,1962,HOU,1,162,8
alstowa01,1962,LAN,1,165,2
tebbebi01,1962,ML1,1,162,5
stengca01,1962,NYN,1,161,10
mauchge01,1962,PHI,1,161,7
murtada01,1962,PIT,1,161,4
darkal01,1962,SFN,1,165,1
keanejo99,1962,SLN,1,163,6
hitchbi01,1963,BAL,1,162,4
peskyjo01,1963,BOS,1,161,7
lopezal01,1963,CHA,1,162,2
tebbebi01,1963,CLE,1,162,6
schefbo01,1963,DET,1,60,5
dressch01,1963,DET,2,102,5
lopated01,1963,KC1,1,162,8
rignebi01,1963,LAA,1,161,9
melesa01,1963,MIN,1,161,3
houkra01,1963,NYA,1,161,1
vernomi01,1963,WS2,1,40,10
yosted01,1963,WS2,2,1,10
hodgegi01,1963,WS2,3,121,10
kennebo01,1963,CHN,1,162,7
hutchfr01,1963,CIN,1,162,5
craftha01,1963,HOU,1,162,9
alstowa01,1963,LAN,1,163,1
bragabo01,1963,ML1,1,163,6
stengca01,1963,NYN,1,162,10
mauchge01,1963,PHI,1,162,4
murtada01,1963,PIT,1,162,8
darkal01,1963,SFN,1,162,3
keanejo99,1963,SLN,1,162,2
bauerha01,1964,BAL,1,163,3
peskyjo01,1964,BOS,1,160,8
hermabi01,1964,BOS,2,2,8
lopezal01,1964,CHA,1,162,2
stricge01,1964,CLE,1,73,6
tebbebi01,1964,CLE,2,91,6
dressch01,1964,DET,1,163,4
lopated01,1964,KC1,1,52,10
mcgahme99,1964,KC1,2,111,10
rignebi01,1964,LAA,1,162,5
melesa01,1964,MIN,1,163,6
berrayo01,1964,NYA,1,164,1
hodgegi01,1964,WS2,1,162,9
kennebo01,1964,CHN,1,162,8
hutchfr01,1964,CIN,1,100,2
sisledi01,1964,CIN,2,6,2
hutchfr01,1964,CIN,3,10,2
sisledi01,1964,CIN,4,47,2
craftha01,1964,HOU,1,149,9
harrilu01,1964,HOU,2,13,9
alstowa01,1964,LAN,1,164,7
bragabo01,1964,ML1,1,162,5
stengca01,1964,NYN,1,163,10
mauchge01,1964,PHI,1,162,2
murtada01,1964,PIT,1,162,6
darkal01,1964,SFN,1,162,4
keanejo99,1964,SLN,1,162,1
bauerha01,1965,BAL,1,162,3
hermabi01,1965,BOS,1,162,9
rignebi01,1965,CAL,1,162,7
lopezal01,1965,CHA,1,162,2
tebbebi01,1965,CLE,1,162,5
swiftbo01,1965,DET,1,42,4
dressch01,1965,DET,2,120,4
mcgahme99,1965,KC1,1,26,10
sulliha02,1965,KC1,2,136,10
melesa01,1965,MIN,1,162,1
keanejo99,1965,NYA,1,162,6
hodgegi01,1965,WS2,1,162,8
kennebo01,1965,CHN,1,58,8
kleinlo01,1965,CHN,2,106,8
sisledi01,1965,CIN,1,162,4
harrilu01,1965,HOU,1,162,9
alstowa01,1965,LAN,1,162,1
bragabo01,1965,ML1,1,162,5
stengca01,1965,NYN,1,96,10
westrwe01,1965,NYN,2,68,10
mauchge01,1965,PHI,1,162,6
walkeha01,1965,PIT,1,163,3
frankhe01,1965,SFN,1,163,2
schoere01,1965,SLN,1,162,7
bauerha01,1966,BAL,1,160,1
hermabi01,1966,BOS,1,146,9
runnepe01,1966,BOS,2,16,9
rignebi01,1966,CAL,1,162,6
stanked01,1966,CHA,1,163,4
tebbebi01,1966,CLE,1,123,5
stricge01,1966,CLE,2,39,5
dressch01,1966,DET,1,26,3
swiftbo01,1966,DET,2,57,3
skafffr01,1966,DET,3,79,3
darkal01,1966,KC1,1,160,7
melesa01,1966,MIN,1,162,2
keanejo99,1966,NYA,1,20,10
houkra01,1966,NYA,2,140,10
hodgegi01,1966,WS2,1,159,8
bragabo01,1966,ATL,1,112,5
hitchbi01,1966,ATL,2,51,5
durocle01,1966,CHN,1,162,10
heffndo01,1966,CIN,1,83,7
bristda99,1966,CIN,2,77,7
hattogr01,1966,HOU,1,163,8
alstowa01,1966,LAN,1,162,1
westrwe01,1966,NYN,1,161,9
mauchge01,1966,PHI,1,162,4
walkeha01,1966,PIT,1,162,3
frankhe01,1966,SFN,1,161,2
schoere01,1966,SLN,1,162,6
bauerha01,1967,BAL,1,161,7
willidi02,1967,BOS,1,162,1
rignebi01,1967,CAL,1,161,5
stanked01,1967,CHA,1,162,4
adcocjo01,1967,CLE,1,162,8
smithma01,1967,DET,1,163,2
darkal01,1967,KC1,1,121,10
applilu01,1967,KC1,2,40,10
melesa01,1967,MIN,1,50,2
ermerca01,1967,MIN,2,114,2
houkra01,1967,NYA,1,163,9
hodgegi01,1967,WS2,1,161,6
hitchbi01,1967,ATL,1,159,7
silveke01,1967,ATL,2,3,7
durocle01,1967,CHN,1,162,3
bristda99,1967,CIN,1,162,4
hattogr01,1967,HOU,1,162,9
alstowa01,1967,LAN,1,162,8
westrwe01,1967,NYN,1,151,10
parkesa01,1967,NYN,2,11,10
mauchge01,1967,PHI,1,162,5
walkeha01,1967,PIT,1,84,6
murtada01,1967,PIT,2,79,6
frankhe01,1967,SFN,1,162,2
schoere01,1967,SLN,1,161,1
bauerha01,1968,BAL,1,80,2
weaveea99,1968,BAL,2,82,2
willidi02,1968,BOS,1,162,4
rignebi01,1968,CAL,1,162,8
stanked01,1968,CHA,1,79,8
mossle01,1968,CHA,2,2,8
lopezal01,1968,CHA,3,11,8
mossle01,1968,CHA,4,34,8
lopezal01,1968,CHA,5,36,8
darkal01,1968,CLE,1,162,3
smithma01,1968,DET,1,164,1
ermerca01,1968,MIN,1,162,7
houkra01,1968,NYA,1,164,5
kennebo01,1968,OAK,1,163,6
lemonji01,1968,WS2,1,161,10
harrilu01,1968,ATL,1,163,5
durocle01,1968,CHN,1,163,3
bristda99,1968,CIN,1,163,4
hattogr01,1968,HOU,1,61,10
walkeha01,1968,HOU,2,101,10
alstowa01,1968,LAN,1,162,8
hodgegi01,1968,NYN,1,163,9
mauchge01,1968,PHI,1,54,7
myattge01,1968,PHI,2,1,7
skinnbo01,1968,PHI,3,107,7
shepala99,1968,PIT,1,163,6
frankhe01,1968,SFN,1,163,2
schoere01,1968,SLN,1,162,1
weaveea99,1969,BAL,1,162,1
willidi02,1969,BOS,1,153,3
popowed99,1969,BOS,2,9,3
rignebi01,1969,CAL,1,39,3
phillle99,1969,CAL,2,124,3
lopezal01,1969,CHA,1,17,5
guttedo01,1969,CHA,2,145,5
darkal01,1969,CLE,1,161,6
smithma01,1969,DET,1,162,2
gordojo01,1969,KCA,1,163,4
martibi02,1969,MIN,1,162,1
houkra01,1969,NYA,1,162,5
bauerha01,1969,OAK,1,149,2
mcnamjo99,1969,OAK,2,13,2
schuljo05,1969,SE1,1,163,6
willite01,1969,WS2,1,162,4
harrilu01,1969,ATL,1,162,1
durocle01,1969,CHN,1,163,2
bristda99,1969,CIN,1,163,3
walkeha01,1969,HOU,1,162,5
alstowa01,1969,LAN,1,162,4
mauchge01,1969,MON,1,162,6
hodgegi01,1969,NYN,1,162,1
skinnbo01,1969,PHI,1,108,5
myattge01,1969,PHI,2,54,5
shepala99,1969,PIT,1,157,3
grammal01,1969,PIT,2,5,3
gomezpr01,1969,SDN,1,162,6
kingcl01,1969,SFN,1,162,2
schoere01,1969,SLN,1,162,4
weaveea99,1970,BAL,1,162,1
kaskoed01,1970,BOS,1,162,3
phillle99,1970,CAL,1,162,3
guttedo01,1970,CHA,1,136,6
adairbi99,1970,CHA,2,10,6
tannech01,1970,CHA,3,16,6
darkal01,1970,CLE,1,162,5
smithma01,1970,DET,1,162,4
metroch01,1970,KCA,1,52,4
lemonbo01,1970,KCA,2,110,4
rignebi01,1970,MIN,1,162,1
bristda99,1970,ML4,1,163,4
houkra01,1970,NYA,1,163,2
mcnamjo99,1970,OAK,1,162,2
willite01,1970,WS2,1,162,6
harrilu01,1970,ATL,1,162,5
durocle01,1970,CHN,1,162,2
andersp01,1970,CIN,1,162,1
walkeha01,1970,HOU,1,162,4
alstowa01,1970,LAN,1,161,2
mauchge01,1970,MON,1,162,6
hodgegi01,1970,NYN,1,162,3
lucchfr99,1970,PHI,1,161,5
murtada01,1970,PIT,1,162,1
gomezpr01,1970,SDN,1,162,6
kingcl01,1970,SFN,1,42,3
foxch01,1970,SFN,2,120,3
schoere01,1970,SLN,1,162,4
weaveea99,1971,BAL,1,158,1
kaskoed01,1971,BOS,1,162,3
phillle99,1971,CAL,1,162,4
tannech01,1971,CHA,1,162,3
darkal01,1971,CLE,1,103,6
liponjo01,1971,CLE,2,59,6
martibi02,1971,DET,1,162,2
lemonbo01,1971,KCA,1,161,2
rignebi01,1971,MIN,1,160,5
bristda99,1971,ML4,1,161,6
houkra01,1971,NYA,1,162,4
willidi02,1971,OAK,1,161,1
willite01,1971,WS2,1,159,5
harrilu01,1971,ATL,1,162,3
durocle01,1971,CHN,1,162,4
andersp01,1971,CIN,1,162,5
walkeha01,1971,HOU,1,162,4
alstowa01,1971,LAN,1,162,2
mauchge01,1971,MON,1,162,5
hodgegi01,1971,NYN,1,162,3
lucchfr99,1971,PHI,1,162,6
murtada01,1971,PIT,1,162,1
gomezpr01,1971,SDN,1,161,6
foxch01,1971,SFN,1,162,1
schoere01,1971,SLN,1,163,2
weaveea99,1972,BAL,1,154,3
kaskoed01,1972,BOS,1,155,2
ricede01,1972,CAL,1,155,5
tannech01,1972,CHA,1,154,2
asproke01,1972,CLE,1,156,5
martibi02,1972,DET,1,156,1
lemonbo01,1972,KCA,1,154,4
rignebi01,1972,MIN,1,70,3
quilifr01,1972,MIN,2,84,3
bristda99,1972,ML4,1,30,6
mcmilro01,1972,ML4,2,2,6
crandde01,1972,ML4,3,124,6
houkra01,1972,NYA,1,155,4
willidi02,1972,OAK,1,155,1
willite01,1972,TEX,1,154,6
harrilu01,1972,ATL,1,105,4
matheed01,1972,ATL,2,50,4
durocle01,1972,CHN,1,91,2
lockmwh01,1972,CHN,2,65,2
andersp01,1972,CIN,1,154,1
walkeha01,1972,HOU,1,121,2
parkesa01,1972,HOU,2,1,2
durocle01,1972,HOU,3,31,2
alstowa01,1972,LAN,1,155,3
mauchge01,1972,MON,1,156,5
berrayo01,1972,NYN,1,156,3
lucchfr99,1972,PHI,1,76,6
owenspa99,1972,PHI,2,80,6
virdobi01,1972,PIT,1,155,1
gomezpr01,1972,SDN,1,11,6
zimmedo01,1972,SDN,2,142,6
foxch01,1972,SFN,1,155,5
schoere01,1972,SLN,1,156,4
weaveea99,1973,BAL,1,162,1
kaskoed01,1973,BOS,1,161,2
popowed99,1973,BOS,2,1,2
winklbo99,1973,CAL,1,162,4
tannech01,1973,CHA,1,162,5
asproke01,1973,CLE,1,162,6
martibi02,1973,DET,1,134,3
schuljo05,1973,DET,2,28,3
mckeoja99,1973,KCA,1,162,2
quilifr01,1973,MIN,1,162,3
crandde01,1973,ML4,1,162,5
houkra01,1973,NYA,1,162,4
willidi02,1973,OAK,1,162,1
herzowh01,1973,TEX,1,138,6
wilbede01,1973,TEX,2,1,6
martibi02,1973,TEX,3,23,6
matheed01,1973,ATL,1,162,5
lockmwh01,1973,CHN,1,161,5
andersp01,1973,CIN,1,162,1
durocle01,1973,HOU,1,162,4
alstowa01,1973,LAN,1,162,2
mauchge01,1973,MON,1,162,4
berrayo01,1973,NYN,1,161,1
ozarkda99,1973,PHI,1,162,6
virdobi01,1973,PIT,1,136,3
murtada01,1973,PIT,2,26,3
zimmedo01,1973,SDN,1,162,6
foxch01,1973,SFN,1,162,3
schoere01,1973,SLN,1,162,2
weaveea99,1974,BAL,1,162,1
johnsda01,1974,BOS,1,162,3
winklbo99,1974,CAL,1,75,6
herzowh01,1974,CAL,2,4,6
willidi02,1974,CAL,3,84,6
tannech01,1974,CHA,1,163,4
asproke01,1974,CLE,1,162,4
houkra01,1974,DET,1,162,6
mckeoja99,1974,KCA,1,162,5
quilifr01,1974,MIN,1,163,3
crandde01,1974,ML4,1,162,5
virdobi01,1974,NYA,1,162,2
darkal01,1974,OAK,1,162,1
martibi02,1974,TEX,1,161,2
matheed01,1974,ATL,1,99,3
kingcl01,1974,ATL,2,64,3
lockmwh01,1974,CHN,1,93,6
marshji01,1974,CHN,2,69,6
andersp01,1974,CIN,1,163,2
gomezpr01,1974,HOU,1,162,4
alstowa01,1974,LAN,1,162,1
mauchge01,1974,MON,1,161,4
berrayo01,1974,NYN,1,162,5
ozarkda99,1974,PHI,1,162,3
murtada01,1974,PIT,1,162,1
mcnamjo99,1974,SDN,1,162,6
foxch01,1974,SFN,1,76,5
westrwe01,1974,SFN,2,86,5
schoere01,1974,SLN,1,161,2
weaveea99,1975,BAL,1,159,2
johnsda01,1975,BOS,1,160,1
willidi02,1975,CAL,1,161,6
tannech01,1975,CHA,1,161,5
robinfr02,1975,CLE,1,159,4
houkra01,1975,DET,1,159,6
mckeoja99,1975,KCA,1,96,2
herzowh01,1975,KCA,2,66,2
quilifr01,1975,MIN,1,159,4
crandde01,1975,ML4,1,161,5
kuennha01,1975,ML4,2,1,5
virdobi01,1975,NYA,1,104,3
martibi02,1975,NYA,2,56,3
darkal01,1975,OAK,1,162,1
martibi02,1975,TEX,1,95,3
lucchfr99,1975,TEX,2,67,3
kingcl01,1975,ATL,1,134,5
ryanco01,1975,ATL,2,27,5
marshji01,1975,CHN,1,162,6
andersp01,1975,CIN,1,162,1
gomezpr01,1975,HOU,1,127,6
virdobi01,1975,HOU,2,35,6
alstowa01,1975,LAN,1,162,2
mauchge01,1975,MON,1,162,5
berrayo01,1975,NYN,1,109,3
mcmilro01,1975,NYN,2,53,3
ozarkda99,1975,PHI,1,162,2
murtada01,1975,PIT,1,161,1
mcnamjo99,1975,SDN,1,162,4
westrwe01,1975,SFN,1,161,3
schoere01,1975,SLN,1,163,4
weaveea99,1976,BAL,1,162,2
johnsda01,1976,BOS,1,86,3
zimmedo01,1976,BOS,2,76,3
willidi02,1976,CAL,1,96,4
sherrno01,1976,CAL,2,66,4
richapa01,1976,CHA,1,161,6
robinfr02,1976,CLE,1,159,4
houkra01,1976,DET,1,161,5
herzowh01,1976,KCA,1,162,1
mauchge01,1976,MIN,1,162,3
grammal01,1976,ML4,1,161,6
martibi02,1976,NYA,1,159,1
tannech01,1976,OAK,1,161,2
lucchfr99,1976,TEX,1,162,4
bristda99,1976,ATL,1,162,6
marshji01,1976,CHN,1,162,4
andersp01,1976,CIN,1,162,1
virdobi01,1976,HOU,1,162,3
alstowa01,1976,LAN,1,158,2
lasorto01,1976,LAN,2,4,2
kuehlka99,1976,MON,1,128,6
foxch01,1976,MON,2,34,6
frazijo01,1976,NYN,1,162,3
ozarkda99,1976,PHI,1,162,1
murtada01,1976,PIT,1,162,2
mcnamjo99,1976,SDN,1,162,5
rignebi01,1976,SFN,1,162,4
schoere01,1976,SLN,1,162,5
weaveea99,1977,BAL,1,161,2
zimmedo01,1977,BOS,1,161,3
sherrno01,1977,CAL,1,81,5
garcida99,1977,CAL,2,81,5
lemonbo01,1977,CHA,1,162,3
robinfr02,1977,CLE,1,57,5
torboje01,1977,CLE,2,104,5
houkra01,1977,DET,1,162,4
herzowh01,1977,KCA,1,162,1
mauchge01,1977,MIN,1,161,4
grammal01,1977,ML4,1,162,6
martibi02,1977,NYA,1,162,1
mckeoja99,1977,OAK,1,53,7
winklbo99,1977,OAK,2,108,7
johnsda01,1977,SEA,1,162,6
lucchfr99,1977,TEX,1,62,2
stanked01,1977,TEX,2,1,2
ryanco01,1977,TEX,3,6,2
huntebi03,1977,TEX,4,93,2
hartsro01,1977,TOR,1,161,7
bristda99,1977,ATL,1,29,6
turnete99,1977,ATL,2,1,6
bensove01,1977,ATL,3,1,6
bristda99,1977,ATL,4,131,6
frankhe01,1977,CHN,1,162,4
andersp01,1977,CIN,1,162,2
virdobi01,1977,HOU,1,162,3
lasorto01,1977,LAN,1,162,1
willidi02,1977,MON,1,162,5
frazijo01,1977,NYN,1,45,6
torrejo01,1977,NYN,2,117,6
ozarkda99,1977,PHI,1,162,1
tannech01,1977,PIT,1,162,2
mcnamjo99,1977,SDN,1,48,5
skinnbo01,1977,SDN,2,1,5
darkal01,1977,SDN,3,113,5
altobjo01,1977,SFN,1,162,4
rappve99,1977,SLN,1,162,3
weaveea99,1978,BAL,1,161,4
zimmedo01,1978,BOS,1,163,2
garcida99,1978,CAL,1,45,2
fregoji01,1978,CAL,2,117,2
lemonbo01,1978,CHA,1,74,5
dobyla01,1978,CHA,2,87,5
torboje01,1978,CLE,1,159,6
houkra01,1978,DET,1,162,5
herzowh01,1978,KCA,1,162,1
mauchge01,1978,MIN,1,162,4
bambege01,1978,ML4,1,162,3
martibi02,1978,NYA,1,94,1
howsedi01,1978,NYA,2,1,1
lemonbo01,1978,NYA,3,68,1
winklbo99,1978,OAK,1,39,6
mckeoja99,1978,OAK,2,123,6
johnsda01,1978,SEA,1,160,7
huntebi03,1978,TEX,1,161,2
corrapa01,1978,TEX,2,1,2
hartsro01,1978,TOR,1,161,7
coxbo01,1978,ATL,1,162,6
frankhe01,1978,CHN,1,162,3
andersp01,1978,CIN,1,161,2
virdobi01,1978,HOU,1,162,5
lasorto01,1978,LAN,1,162,1
willidi02,1978,MON,1,162,4
torrejo01,1978,NYN,1,162,6
ozarkda99,1978,PHI,1,162,1
tannech01,1978,PIT,1,161,2
craigro01,1978,SDN,1,162,4
altobjo01,1978,SFN,1,162,3
rappve99,1978,SLN,1,17,5
krolja99,1978,SLN,2,2,5
boyerke01,1978,SLN,3,143,5
weaveea99,1979,BAL,1,159,1
zimmedo01,1979,BOS,1,160,3
fregoji01,1979,CAL,1,162,1
kessido01,1979,CHA,1,106,5
larusto01,1979,CHA,2,54,5
torboje01,1979,CLE,1,95,6
garcida99,1979,CLE,2,66,6
mossle01,1979,DET,1,53,5
tracedi01,1979,DET,2,2,5
andersp01,1979,DET,3,106,5
herzowh01,1979,KCA,1,162,2
mauchge01,1979,MIN,1,162,4
bambege01,1979,ML4,1,161,2
lemonbo01,1979,NYA,1,65,4
martibi02,1979,NYA,2,95,4
marshji01,1979,OAK,1,162,7
johnsda01,1979,SEA,1,162,6
corrapa01,1979,TEX,1,162,3
hartsro01,1979,TOR,1,162,7
coxbo01,1979,ATL,1,160,6
frankhe01,1979,CHN,1,155,5
amalfjo01,1979,CHN,2,7,5
mcnamjo99,1979,CIN,1,161,1
virdobi01,1979,HOU,1,162,2
lasorto01,1979,LAN,1,162,3
willidi02,1979,MON,1,160,2
torrejo01,1979,NYN,1,163,6
ozarkda99,1979,PHI,1,133,4
greenda02,1979,PHI,2,30,4
tannech01,1979,PIT,1,163,1
craigro01,1979,SDN,1,161,5
altobjo01,1979,SFN,1,140,4
bristda99,1979,SFN,2,22,4
boyerke01,1979,SLN,1,163,3
weaveea99,1980,BAL,1,162,2
zimmedo01,1980,BOS,1,155,4
peskyjo01,1980,BOS,2,5,4
fregoji01,1980,CAL,1,160,6
larusto01,1980,CHA,1,162,5
garcida99,1980,CLE,1,160,6
andersp01,1980,DET,1,163,5
freyji99,1980,KCA,1,162,1
mauchge01,1980,MIN,1,125,3
goryljo01,1980,MIN,2,36,3
rodgebu01,1980,ML4,1,47,3
bambege01,1980,ML4,2,92,3
rodgebu01,1980,ML4,3,23,3
howsedi01,1980,NYA,1,162,1
martibi02,1980,OAK,1,162,2
johnsda01,1980,SEA,1,105,7
willsma01,1980,SEA,2,58,7
corrapa01,1980,TEX,1,163,4
mattibo01,1980,TOR,1,162,7
coxbo01,1980,ATL,1,161,4
gomezpr01,1980,CHN,1,90,6
amalfjo01,1980,CHN,2,72,6
mcnamjo99,1980,CIN,1,163,3
virdobi01,1980,HOU,1,163,1
lasorto01,1980,LAN,1,163,2
willidi02,1980,MON,1,162,2
torrejo01,1980,NYN,1,162,5
greenda02,1980,PHI,1,162,1
tannech01,1980,PIT,1,162,3
colemje01,1980,SDN,1,163,6
bristda99,1980,SFN,1,161,5
boyerke01,1980,SLN,1,51,4
krolja99,1980,SLN,2,1,4
herzowh01,1980,SLN,3,73,4
schoere01,1980,SLN,4,37,4
weaveea99,1981,BAL,1,105,2
houkra01,1981,BOS,1,108,2
fregoji01,1981,CAL,1,47,4
mauchge01,1981,CAL,2,63,4
larusto01,1981,CHA,1,106,3
garcida99,1981,CLE,1,103,5
andersp01,1981,DET,1,109,2
freyji99,1981,KCA,1,70,1
howsedi01,1981,KCA,2,33,1
goryljo01,1981,MIN,1,37,7
gardnbi02,1981,MIN,2,73,4
rodgebu01,1981,ML4,1,109,1
michage01,1981,NYA,1,82,1
lemonbo01,1981,NYA,2,25,6
martibi02,1981,OAK,1,109,1
willsma01,1981,SEA,1,25,6
lachere01,1981,SEA,2,85,5
zimmedo01,1981,TEX,1,105,2
mattibo01,1981,TOR,1,106,7
coxbo01,1981,ATL,1,107,4
amalfjo01,1981,CHN,1,106,5
mcnamjo99,1981,CIN,1,108,2
virdobi01,1981,HOU,1,110,1
lasorto01,1981,LAN,1,110,1
willidi02,1981,MON,1,81,1
fanniji01,1981,MON,2,27,1
torrejo01,1981,NYN,1,105,4
greenda02,1981,PHI,1,107,1
tannech01,1981,PIT,1,103,4
howarfr01,1981,SDN,1,110,6
robinfr02,1981,SFN,1,111,3
herzowh01,1981,SLN,1,103,2
weaveea99,1982,BAL,1,163,2
houkra01,1982,BOS,1,162,3
mauchge01,1982,CAL,1,162,1
larusto01,1982,CHA,1,162,3
garcida99,1982,CLE,1,162,7
andersp01,1982,DET,1,162,4
howsedi01,1982,KCA,1,162,2
gardnbi02,1982,MIN,1,162,7
rodgebu01,1982,ML4,1,47,1
kuennha01,1982,ML4,2,116,1
lemonbo01,1982,NYA,1,14,5
michage01,1982,NYA,2,86,5
kingcl01,1982,NYA,3,62,5
martibi02,1982,OAK,1,162,5
lachere01,1982,SEA,1,162,4
zimmedo01,1982,TEX,1,96,6
johnsda01,1982,TEX,2,66,6
coxbo01,1982,TOR,1,162,6
torrejo01,1982,ATL,1,162,1
eliale01,1982,CHN,1,162,5
mcnamjo99,1982,CIN,1,92,6
nixonru01,1982,CIN,2,70,6
virdobi01,1982,HOU,1,111,5
lillibo01,1982,HOU,2,51,5
lasorto01,1982,LAN,1,162,2
fanniji01,1982,MON,1,162,3
bambege01,1982,NYN,1,162,6
corrapa01,1982,PHI,1,162,2
tannech01,1982,PIT,1,162,4
willidi02,1982,SDN,1,162,4
robinfr02,1982,SFN,1,162,3
herzowh01,1982,SLN,1,162,1
altobjo01,1983,BAL,1,162,1
houkra01,1983,BOS,1,162,6
mcnamjo99,1983,CAL,1,162,5
larusto01,1983,CHA,1,162,1
ferrami01,1983,CLE,1,100,7
corrapa01,1983,CLE,2,62,7
andersp01,1983,DET,1,162,2
howsedi01,1983,KCA,1,163,2
gardnbi02,1983,MIN,1,162,6
kuennha01,1983,ML4,1,162,5
martibi02,1983,NYA,1,162,3
borosst01,1983,OAK,1,162,4
lachere01,1983,SEA,1,73,7
crandde01,1983,SEA,2,89,7
raderdo02,1983,TEX,1,163,3
coxbo01,1983,TOR,1,162,4
torrejo01,1983,ATL,1,162,2
eliale01,1983,CHN,1,123,5
foxch01,1983,CHN,2,39,5
nixonru01,1983,CIN,1,162,6
lillibo01,1983,HOU,1,162,3
lasorto01,1983,LAN,1,163,1
virdobi01,1983,MON,1,163,3
bambege01,1983,NYN,1,46,6
howarfr01,1983,NYN,2,116,6
corrapa01,1983,PHI,1,86,1
owenspa99,1983,PHI,2,77,1
tannech01,1983,PIT,1,162,2
willidi02,1983,SDN,1,163,4
robinfr02,1983,SFN,1,162,5
herzowh01,1983,SLN,1,162,4
altobjo01,1984,BAL,1,162,5
houkra01,1984,BOS,1,162,4
mcnamjo99,1984,CAL,1,162,2
larusto01,1984,CHA,1,162,5
corrapa01,1984,CLE,1,163,6
andersp01,1984,DET,1,162,1
howsedi01,1984,KCA,1,162,1
gardnbi02,1984,MIN,1,162,3
lachere01,1984,ML4,1,161,7
berrayo01,1984,NYA,1,162,3
borosst01,1984,OAK,1,44,4
mooreja01,1984,OAK,2,118,4
crandde01,1984,SEA,1,135,5
cottich01,1984,SEA,2,27,5
raderdo02,1984,TEX,1,161,7
coxbo01,1984,TOR,1,163,2
torrejo01,1984,ATL,1,162,3
freyji99,1984,CHN,1,161,1
rappve99,1984,CIN,1,121,5
rosepe01,1984,CIN,2,41,5
lillibo01,1984,HOU,1,162,2
lasorto01,1984,LAN,1,162,4
virdobi01,1984,MON,1,131,5
fanniji01,1984,MON,2,30,5
johnsda02,1984,NYN,1,162,2
owenspa99,1984,PHI,1,162,4
tannech01,1984,PIT,1,162,6
willidi02,1984,SDN,1,162,1
robinfr02,1984,SFN,1,106,6
ozarkda99,1984,SFN,2,56,6
herzowh01,1984,SLN,1,162,3
altobjo01,1985,BAL,1,55,4
ripkeca99,1985,BAL,2,1,4
weaveea99,1985,BAL,3,105,4
mcnamjo99,1985,BOS,1,163,5
mauchge01,1985,CAL,1,162,2
larusto01,1985,CHA,1,163,3
corrapa01,1985,CLE,1,162,7
andersp01,1985,DET,1,161,3
howsedi01,1985,KCA,1,162,1
gardnbi02,1985,MIN,1,62,4
millera99,1985,MIN,2,100,4
bambege01,1985,ML4,1,161,6
berrayo01,1985,NYA,1,16,2
martibi02,1985,NYA,2,145,2
mooreja01,1985,OAK,1,162,5
cottich01,1985,SEA,1,162,6
raderdo02,1985,TEX,1,32,7
valenbo02,1985,TEX,2,129,7
coxbo01,1985,TOR,1,161,1
haased01,1985,ATL,1,121,5
winebo01,1985,ATL,2,41,5
freyji99,1985,CHN,1,162,4
rosepe01,1985,CIN,1,162,2
lillibo01,1985,HOU,1,162,4
lasorto01,1985,LAN,1,162,1
rodgebu01,1985,MON,1,161,3
johnsda02,1985,NYN,1,162,2
felskjo01,1985,PHI,1,162,5
tannech01,1985,PIT,1,161,6
willidi02,1985,SDN,1,162,3
davenji01,1985,SFN,1,144,6
craigro01,1985,SFN,2,18,6
herzowh01,1985,SLN,1,162,1
weaveea99,1986,BAL,1,162,7
mcnamjo99,1986,BOS,1,161,1
mauchge01,1986,CAL,1,162,1
larusto01,1986,CHA,1,64,5
raderdo02,1986,CHA,2,2,5
fregoji01,1986,CHA,3,96,5
corrapa01,1986,CLE,1,163,5
andersp01,1986,DET,1,162,3
howsedi01,1986,KCA,1,88,3
ferrami01,1986,KCA,2,74,3
millera99,1986,MIN,1,139,6
kellyto01,1986,MIN,2,23,6
bambege01,1986,ML4,1,152,6
trebeto99,1986,ML4,2,9,6
pinielo01,1986,NYA,1,162,2
mooreja01,1986,OAK,1,73,3
newmaje01,1986,OAK,2,10,3
larusto01,1986,OAK,3,79,3
cottich01,1986,SEA,1,28,7
martima01,1986,SEA,2,1,7
willidi02,1986,SEA,3,133,7
valenbo02,1986,TEX,1,162,2
williji03,1986,TOR,1,163,4
tannech01,1986,ATL,1,161,6
freyji99,1986,CHN,1,56,5
vukovjo01,1986,CHN,2,2,5
michage01,1986,CHN,3,102,5
rosepe01,1986,CIN,1,162,2
lanieha01,1986,HOU,1,162,1
lasorto01,1986,LAN,1,162,5
rodgebu01,1986,MON,1,161,4
johnsda02,1986,NYN,1,162,1
felskjo01,1986,PHI,1,161,2
leylaji99,1986,PIT,1,162,6
borosst01,1986,SDN,1,162,4
craigro01,1986,SFN,1,162,3
herzowh01,1986,SLN,1,161,3
ripkeca99,1987,BAL,1,162,6
mcnamjo99,1987,BOS,1,162,5
mauchge01,1987,CAL,1,162,7
fregoji01,1987,CHA,1,162,5
corrapa01,1987,CLE,1,87,7
edwardo01,1987,CLE,2,75,7
andersp01,1987,DET,1,162,1
gardnbi02,1987,KCA,1,126,2
wathajo01,1987,KCA,2,36,2
kellyto01,1987,MIN,1,162,1
trebeto99,1987,ML4,1,162,3
pinielo01,1987,NYA,1,162,4
larusto01,1987,OAK,1,162,3
willidi02,1987,SEA,1,162,4
valenbo02,1987,TEX,1,162,6
williji03,1987,TOR,1,162,2
tannech01,1987,ATL,1,161,5
michage01,1987,CHN,1,136,6
lucchfr99,1987,CHN,2,25,6
rosepe01,1987,CIN,1,162,2
lanieha01,1987,HOU,1,162,3
lasorto01,1987,LAN,1,162,4
rodgebu01,1987,MON,1,162,3
johnsda02,1987,NYN,1,162,2
felskjo01,1987,PHI,1,61,4
eliale01,1987,PHI,2,101,4
leylaji99,1987,PIT,1,162,4
bowala01,1987,SDN,1,162,6
craigro01,1987,SFN,1,162,1
herzowh01,1987,SLN,1,162,1
ripkeca99,1988,BAL,1,6,7
robinfr02,1988,BAL,2,155,7
mcnamjo99,1988,BOS,1,85,1
morgajo01,1988,BOS,2,77,1
rojasco01,1988,CAL,1,154,4
stubimo01,1988,CAL,2,8,4
fregoji01,1988,CHA,1,161,5
edwardo01,1988,CLE,1,162,6
andersp01,1988,DET,1,162,2
wathajo01,1988,KCA,1,161,3
kellyto01,1988,MIN,1,162,2
trebeto99,1988,ML4,1,162,4
martibi02,1988,NYA,1,68,5
pinielo01,1988,NYA,2,93,5
larusto01,1988,OAK,1,162,1
willidi02,1988,SEA,1,56,7
snydeji02,1988,SEA,2,105,7
valenbo02,1988,TEX,1,161,6
williji03,1988,TOR,1,162,3
tannech01,1988,ATL,1,39,6
nixonru01,1988,ATL,2,121,6
zimmedo01,1988,CHN,1,163,4
rosepe01,1988,CIN,1,23,2
helmsto01,1988,CIN,2,27,2
rosepe01,1988,CIN,3,111,2
lanieha01,1988,HOU,1,162,5
lasorto01,1988,LAN,1,162,1
rodgebu01,1988,MON,1,163,3
johnsda02,1988,NYN,1,160,1
eliale01,1988,PHI,1,153,6
vukovjo01,1988,PHI,2,9,6
leylaji99,1988,PIT,1,160,2
bowala01,1988,SDN,1,46,3
mckeoja99,1988,SDN,2,115,3
craigro01,1988,SFN,1,162,4
herzowh01,1988,SLN,1,162,5
robinfr02,1989,BAL,1,162,2
morgajo01,1989,BOS,1,162,3
raderdo02,1989,CAL,1,162,3
torboje01,1989,CHA,1,161,7
edwardo01,1989,CLE,1,143,6
hartjo99,1989,CLE,2,19,6
andersp01,1989,DET,1,162,7
wathajo01,1989,KCA,1,162,2
kellyto01,1989,MIN,1,162,5
trebeto99,1989,ML4,1,162,4
greenda02,1989,NYA,1,121,5
dentbu01,1989,NYA,2,40,5
larusto01,1989,OAK,1,162,1
lefebji01,1989,SEA,1,162,6
valenbo02,1989,TEX,1,162,4
williji03,1989,TOR,1,36,1
gastoci01,1989,TOR,2,126,1
nixonru01,1989,ATL,1,161,6
zimmedo01,1989,CHN,1,162,1
rosepe01,1989,CIN,1,125,5
helmsto01,1989,CIN,2,37,5
howear01,1989,HOU,1,162,3
lasorto01,1989,LAN,1,160,4
rodgebu01,1989,MON,1,162,4
johnsda02,1989,NYN,1,162,2
leyvani99,1989,PHI,1,163,6
leylaji99,1989,PIT,1,164,5
mckeoja99,1989,SDN,1,162,2
craigro01,1989,SFN,1,162,1
herzowh01,1989,SLN,1,164,3
robinfr02,1990,BAL,1,162,5
morgajo01,1990,BOS,1,162,1
raderdo02,1990,CAL,1,162,4
torboje01,1990,CHA,1,162,2
mcnamjo99,1990,CLE,1,162,4
andersp01,1990,DET,1,162,3
wathajo01,1990,KCA,1,161,6
kellyto01,1990,MIN,1,162,7
trebeto99,1990,ML4,1,162,6
dentbu01,1990,NYA,1,49,7
merrist99,1990,NYA,2,113,7
larusto01,1990,OAK,1,162,1
lefebji01,1990,SEA,1,162,5
valenbo02,1990,TEX,1,162,3
gastoci01,1990,TOR,1,162,2
nixonru01,1990,ATL,1,65,6
coxbo01,1990,ATL,2,97,6
zimmedo01,1990,CHN,1,162,5
pinielo01,1990,CIN,1,162,1
howear01,1990,HOU,1,162,5
lasorto01,1990,LAN,1,162,2
rodgebu01,1990,MON,1,162,3
johnsda02,1990,NYN,1,42,2
harrebu01,1990,NYN,2,120,2
leyvani99,1990,PHI,1,162,4
leylaji99,1990,PIT,1,162,1
mckeoja99,1990,SDN,1,80,5
riddogr99,1990,SDN,2,82,5
craigro01,1990,SFN,1,162,3
herzowh01,1990,SLN,1,80,6
schoere01,1990,SLN,2,24,6
torrejo01,1990,SLN,3,58,6
robinfr02,1991,BAL,1,37,6
oatesjo01,1991,BAL,2,125,6
morgajo01,1991,BOS,1,162,3
raderdo02,1991,CAL,1,124,7
rodgebu01,1991,CAL,2,38,7
torboje01,1991,CHA,1,162,2
mcnamjo99,1991,CLE,1,77,7
hargrmi01,1991,CLE,2,85,7
andersp01,1991,DET,1,162,2
wathajo01,1991,KCA,1,37,6
schaebo99,1991,KCA,2,1,6
mcraeha01,1991,KCA,3,124,6
kellyto01,1991,MIN,1,162,1
trebeto99,1991,ML4,1,162,4
merrist99,1991,NYA,1,162,5
larusto01,1991,OAK,1,162,4
lefebji01,1991,SEA,1,162,5
valenbo02,1991,TEX,1,162,3
gastoci01,1991,TOR,1,120,1
tenacge01,1991,TOR,2,33,1
gastoci01,1991,TOR,3,9,1
coxbo01,1991,ATL,1,162,1
zimmedo01,1991,CHN,1,37,4
altobjo01,1991,CHN,2,1,4
essiaji01,1991,CHN,3,122,4
pinielo01,1991,CIN,1,162,5
howear01,1991,HOU,1,162,6
lasorto01,1991,LAN,1,162,2
rodgebu01,1991,MON,1,49,6
runneto01,1991,MON,2,112,6
harrebu01,1991,NYN,1,154,5
cubbami01,1991,NYN,2,7,5
leyvani99,1991,PHI,1,13,3
fregoji01,1991,PHI,2,149,3
leylaji99,1991,PIT,1,162,1
riddogr99,1991,SDN,1,162,3
craigro01,1991,SFN,1,162,4
torrejo01,1991,SLN,1,162,2
oatesjo01,1992,BAL,1,162,3
hobsobu01,1992,BOS,1,162,7
rodgebu01,1992,CAL,1,39,5
wathajo01,1992,CAL,2,89,5
rodgebu01,1992,CAL,3,34,5
lamonge01,1992,CHA,1,162,3
hargrmi01,1992,CLE,1,162,5
andersp01,1992,DET,1,162,6
mcraeha01,1992,KCA,1,162,5
kellyto01,1992,MIN,1,162,2
garneph01,1992,ML4,1,162,2
showabu99,1992,NYA,1,162,4
larusto01,1992,OAK,1,162,1
plummbi01,1992,SEA,1,162,7
valenbo02,1992,TEX,1,86,4
harrato01,1992,TEX,2,76,4
gastoci01,1992,TOR,1,162,1
coxbo01,1992,ATL,1,162,1
lefebji01,1992,CHN,1,162,4
pinielo01,1992,CIN,1,162,2
howear01,1992,HOU,1,162,4
lasorto01,1992,LAN,1,162,6
runneto01,1992,MON,1,37,2
aloufe01,1992,MON,2,125,2
torboje01,1992,NYN,1,162,5
fregoji01,1992,PHI,1,162,6
leylaji99,1992,PIT,1,162,1
riddogr99,1992,SDN,1,150,3
rigglji99,1992,SDN,2,12,3
craigro01,1992,SFN,1,162,5
torrejo01,1992,SLN,1,162,3
oatesjo01,1993,BAL,1,162,3
hobsobu01,1993,BOS,1,162,5
rodgebu01,1993,CAL,1,162,5
lamonge01,1993,CHA,1,162,1
hargrmi01,1993,CLE,1,162,6
andersp01,1993,DET,1,162,4
mcraeha01,1993,KCA,1,162,3
kellyto01,1993,MIN,1,162,6
garneph01,1993,ML4,1,162,7
showabu99,1993,NYA,1,162,2
larusto01,1993,OAK,1,162,7
pinielo01,1993,SEA,1,162,4
kenneke99,1993,TEX,1,162,2
gastoci01,1993,TOR,1,162,1
coxbo01,1993,ATL,1,162,1
lefebji01,1993,CHN,1,162,4
perezto01,1993,CIN,1,44,5
johnsda02,1993,CIN,2,118,5
baylodo01,1993,COL,1,162,6
lachere01,1993,FLO,1,162,6
howear01,1993,HOU,1,162,3
lasorto01,1993,LAN,1,162,4
aloufe01,1993,MON,1,162,2
torboje01,1993,NYN,1,38,7
greenda02,1993,NYN,2,124,7
fregoji01,1993,PHI,1,162,1
leylaji99,1993,PIT,1,162,5
rigglji99,1993,SDN,1,162,7
bakerdu01,1993,SFN,1,162,2
torrejo01,1993,SLN,1,162,3
oatesjo01,1994,BAL,1,112,2
hobsobu01,1994,BOS,1,115,4
rodgebu01,1994,CAL,1,40,4
lachema01,1994,CAL,2,75,4
lamonge01,1994,CHA,1,113,1
hargrmi01,1994,CLE,1,113,2
andersp01,1994,DET,1,115,5
mcraeha01,1994,KCA,1,115,3
kellyto01,1994,MIN,1,113,4
garneph01,1994,ML4,1,115,5
showabu99,1994,NYA,1,113,1
larusto01,1994,OAK,1,114,2
pinielo01,1994,SEA,1,112,3
kenneke99,1994,TEX,1,114,1
gastoci01,1994,TOR,1,115,3
coxbo01,1994,ATL,1,114,2
trebeto99,1994,CHN,1,113,5
johnsda02,1994,CIN,1,115,1
baylodo01,1994,COL,1,117,3
lachere01,1994,FLO,1,115,5
collite99,1994,HOU,1,115,2
lasorto01,1994,LAN,1,115,1
aloufe01,1994,MON,1,114,1
greenda02,1994,NYN,1,113,3
fregoji01,1994,PHI,1,115,4
leylaji99,1994,PIT,1,114,3
rigglji99,1994,SDN,1,117,4
bakerdu01,1994,SFN,1,115,2
torrejo01,1994,SLN,1,115,3
reganph01,1995,BAL,1,144,3
kenneke99,1995,BOS,1,144,1
lachema01,1995,CAL,1,145,2
lamonge01,1995,CHA,1,31,3
bevinte99,1995,CHA,2,113,3
hargrmi01,1995,CLE,1,144,1
andersp01,1995,DET,1,144,4
boonebo01,1995,KCA,1,144,2
kellyto01,1995,MIN,1,144,5
garneph01,1995,ML4,1,144,4
showabu99,1995,NYA,1,145,2
larusto01,1995,OAK,1,144,4
pinielo01,1995,SEA,1,145,1
oatesjo01,1995,TEX,1,144,3
gastoci01,1995,TOR,1,144,5
coxbo01,1995,ATL,1,144,1
rigglji99,1995,CHN,1,144,3
johnsda02,1995,CIN,1,144,1
baylodo01,1995,COL,1,144,2
lachere01,1995,FLO,1,143,4
collite99,1995,HOU,1,144,2
lasorto01,1995,LAN,1,144,1
aloufe01,1995,MON,1,144,5
greenda02,1995,NYN,1,144,2
fregoji01,1995,PHI,1,144,3
leylaji99,1995,PIT,1,144,5
bochybr01,1995,SDN,1,144,3
bakerdu01,1995,SFN,1,144,4
torrejo01,1995,SLN,1,47,4
jorgemi01,1995,SLN,2,96,4
johnsda02,1996,BAL,1,164,2
kenneke99,1996,BOS,1,162,3
lachema01,1996,CAL,1,111,4
mcnamjo99,1996,CAL,2,28,4
maddojo99,1996,CAL,3,22,4
bevinte99,1996,CHA,1,163,2
hargrmi01,1996,CLE,1,161,1
bellbu01,1996,DET,1,162,5
boonebo01,1996,KCA,1,161,5
kellyto01,1996,MIN,1,162,4
garneph01,1996,ML4,1,163,3
torrejo01,1996,NYA,1,162,1
howear01,1996,OAK,1,162,3
pinielo01,1996,SEA,1,161,2
oatesjo01,1996,TEX,1,163,1
gastoci01,1996,TOR,1,162,4
coxbo01,1996,ATL,1,162,1
rigglji99,1996,CHN,1,163,4
knighra01,1996,CIN,1,162,3
baylodo01,1996,COL,1,163,3
lachere01,1996,FLO,1,86,3
rojasco01,1996,FLO,2,1,3
bolesjo99,1996,FLO,3,75,3
collite99,1996,HOU,1,162,2
lasorto01,1996,LAN,1,76,2
russebi01,1996,LAN,2,86,2
aloufe01,1996,MON,1,162,2
greenda02,1996,NYN,1,131,4
valenbo02,1996,NYN,2,31,4
fregoji01,1996,PHI,1,162,5
leylaji99,1996,PIT,1,162,5
bochybr01,1996,SDN,1,162,1
bakerdu01,1996,SFN,1,162,4
larusto01,1996,SLN,1,162,1
collite99,1997,ANA,1,162,2
johnsda02,1997,BAL,1,162,1
williji03,1997,BOS,1,162,4
bevinte99,1997,CHA,1,161,2
hargrmi01,1997,CLE,1,161,1
bellbu01,1997,DET,1,162,3
boonebo01,1997,KCA,1,82,5
muserto01,1997,KCA,2,79,5
kellyto01,1997,MIN,1,162,4
garneph01,1997,ML4,1,161,3
torrejo01,1997,NYA,1,162,2
howear01,1997,OAK,1,162,4
pinielo01,1997,SEA,1,162,1
oatesjo01,1997,TEX,1,162,3
gastoci01,1997,TOR,1,157,5
queenme02,1997,TOR,2,5,5
coxbo01,1997,ATL,1,162,1
rigglji99,1997,CHN,1,162,5
knighra01,1997,CIN,1,99,3
mckeoja99,1997,CIN,2,63,3
baylodo01,1997,COL,1,162,3
leylaji99,1997,FLO,1,162,2
dierkla01,1997,HOU,1,162,1
russebi01,1997,LAN,1,162,2
aloufe01,1997,MON,1,162,4
valenbo02,1997,NYN,1,162,3
francte01,1997,PHI,1,162,5
lamonge01,1997,PIT,1,162,2
bochybr01,1997,SDN,1,162,4
bakerdu01,1997,SFN,1,162,1
larusto01,1997,SLN,1,162,4
collite99,1998,ANA,1,162,2
millera99,1998,BAL,1,162,4
williji03,1998,BOS,1,162,2
manueje01,1998,CHA,1,162,2
hargrmi01,1998,CLE,1,162,1
bellbu01,1998,DET,1,137,5
parrila01,1998,DET,2,25,5
muserto01,1998,KCA,1,161,3
kellyto01,1998,MIN,1,162,4
torrejo01,1998,NYA,1,162,1
howear01,1998,OAK,1,162,4
pinielo01,1998,SEA,1,161,3
rothsla01,1998,TBA,1,162,5
oatesjo01,1998,TEX,1,162,1
johnsti01,1998,TOR,1,162,3
showabu99,1998,ARI,1,162,5
coxbo01,1998,ATL,1,162,1
rigglji99,1998,CHN,1,163,2
mckeoja99,1998,CIN,1,162,4
baylodo01,1998,COL,1,162,4
leylaji99,1998,FLO,1,162,5
dierkla01,1998,HOU,1,162,1
russebi01,1998,LAN,1,74,3
hoffmgl01,1998,LAN,2,88,3
garneph01,1998,MIL,1,162,5
aloufe01,1998,MON,1,162,4
valenbo02,1998,NYN,1,162,2
francte01,1998,PHI,1,162,3
lamonge01,1998,PIT,1,162,6
bochybr01,1998,SDN,1,162,1
bakerdu01,1998,SFN,1,163,2
larusto01,1998,SLN,1,162,3
collite99,1999,ANA,1,133,4
maddojo99,1999,ANA,2,29,4
millera99,1999,BAL,1,162,4
williji03,1999,BOS,1,162,2
manueje01,1999,CHA,1,161,2
hargrmi01,1999,CLE,1,162,1
parrila01,1999,DET,1,161,3
muserto01,1999,KCA,1,161,4
kellyto01,1999,MIN,1,162,5
torrejo01,1999,NYA,1,162,1
howear01,1999,OAK,1,162,2
pinielo01,1999,SEA,1,162,3
rothsla01,1999,TBA,1,162,5
oatesjo01,1999,TEX,1,162,1
fregoji01,1999,TOR,1,162,3
showabu99,1999,ARI,1,162,1
coxbo01,1999,ATL,1,162,1
rigglji99,1999,CHN,1,162,6
mckeoja99,1999,CIN,1,163,2
leylaji99,1999,COL,1,162,5
bolesjo99,1999,FLO,1,162,5
dierkla01,1999,HOU,1,61,1
galanma99,1999,HOU,2,27,2
dierkla01,1999,HOU,3,74,1
johnsda02,1999,LAN,1,162,3
garneph01,1999,MIL,1,112,5
lefebji01,1999,MIL,2,49,5
aloufe01,1999,MON,1,162,4
valenbo02,1999,NYN,1,163,2
francte01,1999,PHI,1,162,3
lamonge01,1999,PIT,1,161,3
bochybr01,1999,SDN,1,162,4
bakerdu01,1999,SFN,1,162,2
larusto01,1999,SLN,1,161,4
sciosmi01,2000,ANA,1,162,3
hargrmi01,2000,BAL,1,162,4
williji03,2000,BOS,1,162,2
manueje01,2000,CHA,1,162,1
manuech01,2000,CLE,1,162,2
garneph01,2000,DET,1,162,3
muserto01,2000,KCA,1,162,4
kellyto01,2000,MIN,1,162,5
torrejo01,2000,NYA,1,161,1
howear01,2000,OAK,1,161,1
pinielo01,2000,SEA,1,162,2
rothsla01,2000,TBA,1,161,5
oatesjo01,2000,TEX,1,162,4
fregoji01,2000,TOR,1,162,3
showabu99,2000,ARI,1,162,3
coxbo01,2000,ATL,1,162,1
baylodo01,2000,CHN,1,162,6
mckeoja99,2000,CIN,1,163,2
bellbu01,2000,COL,1,162,4
bolesjo99,2000,FLO,1,161,3
dierkla01,2000,HOU,1,162,4
johnsda02,2000,LAN,1,162,2
lopesda01,2000,MIL,1,163,3
aloufe01,2000,MON,1,162,4
valenbo02,2000,NYN,1,162,2
francte01,2000,PHI,1,162,5
lamonge01,2000,PIT,1,162,5
bochybr01,2000,SDN,1,162,5
bakerdu01,2000,SFN,1,162,1
larusto01,2000,SLN,1,162,1
sciosmi01,2001,ANA,1,162,3
hargrmi01,2001,BAL,1,162,4
williji03,2001,BOS,1,118,2
kerrijo01,2001,BOS,2,43,2
manueje01,2001,CHA,1,162,3
manuech01,2001,CLE,1,162,1
garneph01,2001,DET,1,162,4
muserto01,2001,KCA,1,162,5
kellyto01,2001,MIN,1,162,2
torrejo01,2001,NYA,1,161,1
howear01,2001,OAK,1,162,2
pinielo01,2001,SEA,1,162,1
rothsla01,2001,TBA,1,14,5
mcraeha01,2001,TBA,2,148,5
oatesjo01,2001,TEX,1,28,4
narroje01,2001,TEX,2,134,4
martibu01,2001,TOR,1,162,3
brenlbo01,2001,ARI,1,162,1
coxbo01,2001,ATL,1,162,1
baylodo01,2001,CHN,1,162,3
boonebo01,2001,CIN,1,162,5
bellbu01,2001,COL,1,162,5
bolesjo99,2001,FLO,1,48,3
perezto01,2001,FLO,2,114,4
dierkla01,2001,HOU,1,162,1
tracyji01,2001,LAN,1,162,3
lopesda01,2001,MIL,1,162,4
aloufe01,2001,MON,1,53,5
torboje01,2001,MON,2,109,5
valenbo02,2001,NYN,1,162,3
bowala01,2001,PHI,1,162,2
mcclell01,2001,PIT,1,162,6
bochybr01,2001,SDN,1,162,4
bakerdu01,2001,SFN,1,162,2
larusto01,2001,SLN,1,162,2
sciosmi01,2002,ANA,1,162,2
hargrmi01,2002,BAL,1,162,4
littlgr99,2002,BOS,1,162,2
manueje01,2002,CHA,1,162,2
manuech01,2002,CLE,1,86,3
skinnjo01,2002,CLE,2,76,3
garneph01,2002,DET,1,6,5
pujollu01,2002,DET,2,155,5
muserto01,2002,KCA,1,23,4
mizerjo01,2002,KCA,2,13,4
penato01,2002,KCA,3,126,4
gardero01,2002,MIN,1,161,1
torrejo01,2002,NYA,1,161,1
howear01,2002,OAK,1,162,1
pinielo01,2002,SEA,1,162,3
mcraeha01,2002,TBA,1,161,5
narroje01,2002,TEX,1,162,4
martibu01,2002,TOR,1,53,3
toscaca99,2002,TOR,2,109,3
brenlbo01,2002,ARI,1,162,1
coxbo01,2002,ATL,1,161,1
baylodo01,2002,CHN,1,83,5
lachere01,2002,CHN,2,1,5
kimmbr01,2002,CHN,3,78,5
boonebo01,2002,CIN,1,162,3
bellbu01,2002,COL,1,22,4
hurdlcl01,2002,COL,2,140,4
torboje01,2002,FLO,1,162,4
williji03,2002,HOU,1,162,2
tracyji01,2002,LAN,1,162,3
lopesda01,2002,MIL,1,15,6
roystje01,2002,MIL,2,147,6
robinfr02,2002,MON,1,162,2
valenbo02,2002,NYN,1,161,5
bowala01,2002,PHI,1,161,3
mcclell01,2002,PIT,1,161,4
bochybr01,2002,SDN,1,162,5
bakerdu01,2002,SFN,1,162,2
larusto01,2002,SLN,1,162,1
sciosmi01,2003,ANA,1,162,3
hargrmi01,2003,BAL,1,163,4
littlgr99,2003,BOS,1,162,2
manueje01,2003,CHA,1,162,2
wedgeer01,2003,CLE,1,162,4
trammal01,2003,DET,1,162,5
penato01,2003,KCA,1,162,3
gardero01,2003,MIN,1,162,1
torrejo01,2003,NYA,1,163,1
machake01,2003,OAK,1,162,1
melvibo01,2003,SEA,1,162,2
pinielo01,2003,TBA,1,162,5
showabu99,2003,TEX,1,162,4
toscaca99,2003,TOR,1,162,3
brenlbo01,2003,ARI,1,162,3
coxbo01,2003,ATL,1,162,1
bakerdu01,2003,CHN,1,162,1
boonebo01,2003,CIN,1,104,5
knighra01,2003,CIN,2,1,5
mileyda99,2003,CIN,3,57,5
hurdlcl01,2003,COL,1,162,4
torboje01,2003,FLO,1,38,4
mckeoja99,2003,FLO,2,124,2
williji03,2003,HOU,1,162,2
tracyji01,2003,LAN,1,162,2
yostne01,2003,MIL,1,162,6
robinfr02,2003,MON,1,162,4
howear01,2003,NYN,1,161,5
bowala01,2003,PHI,1,162,3
mcclell01,2003,PIT,1,162,4
bochybr01,2003,SDN,1,162,5
aloufe01,2003,SFN,1,161,1
larusto01,2003,SLN,1,162,3
sciosmi01,2004,ANA,1,162,1
mazzile01,2004,BAL,1,162,3
francte01,2004,BOS,1,162,2
guilloz01,2004,CHA,1,162,2
wedgeer01,2004,CLE,1,162,3
trammal01,2004,DET,1,162,4
penato01,2004,KCA,1,162,5
gardero01,2004,MIN,1,162,1
torrejo01,2004,NYA,1,162,1
machake01,2004,OAK,1,162,2
melvibo01,2004,SEA,1,162,4
pinielo01,2004,TBA,1,161,4
showabu99,2004,TEX,1,162,3
toscaca99,2004,TOR,1,111,5
gibbojo02,2004,TOR,2,50,5
brenlbo01,2004,ARI,1,79,5
pedrial01,2004,ARI,2,83,5
coxbo01,2004,ATL,1,162,1
bakerdu01,2004,CHN,1,162,3
mileyda99,2004,CIN,1,162,4
hurdlcl01,2004,COL,1,162,4
mckeoja99,2004,FLO,1,162,3
williji03,2004,HOU,1,88,5
garneph01,2004,HOU,2,74,2
tracyji01,2004,LAN,1,162,1
yostne01,2004,MIL,1,161,6
robinfr02,2004,MON,1,162,5
howear01,2004,NYN,1,162,4
bowala01,2004,PHI,1,160,2
varshga01,2004,PHI,2,2,2
mcclell01,2004,PIT,1,161,5
bochybr01,2004,SDN,1,162,3
aloufe01,2004,SFN,1,162,2
larusto01,2004,SLN,1,162,1
mazzile01,2005,BAL,1,107,4
perlosa01,2005,BAL,2,55,4
francte01,2005,BOS,1,162,2
guilloz01,2005,CHA,1,162,1
wedgeer01,2005,CLE,1,162,2
trammal01,2005,DET,1,162,4
penato01,2005,KCA,1,33,5
schaebo99,2005,KCA,2,17,5
bellbu01,2005,KCA,3,112,5
sciosmi01,2005,LAA,1,162,1
gardero01,2005,MIN,1,162,3
torrejo01,2005,NYA,1,162,1
machake01,2005,OAK,1,162,2
hargrmi01,2005,SEA,1,162,4
pinielo01,2005,TBA,1,162,5
showabu99,2005,TEX,1,162,3
gibbojo02,2005,TOR,1,162,3
melvibo01,2005,ARI,1,162,2
coxbo01,2005,ATL,1,162,1
bakerdu01,2005,CHN,1,162,4
mileyda99,2005,CIN,1,70,6
narroje01,2005,CIN,2,93,5
hurdlcl01,2005,COL,1,162,5
mckeoja99,2005,FLO,1,162,3
garneph01,2005,HOU,1,163,2
tracyji01,2005,LAN,1,162,4
yostne01,2005,MIL,1,162,3
randowi01,2005,NYN,1,162,3
manuech01,2005,PHI,1,162,2
mcclell01,2005,PIT,1,136,6
mackape01,2005,PIT,2,26,6
bochybr01,2005,SDN,1,162,1
aloufe01,2005,SFN,1,162,3
larusto01,2005,SLN,1,162,1
robinfr02,2005,WAS,1,162,5
perlosa01,2006,BAL,1,162,4
francte01,2006,BOS,1,162,3
guilloz01,2006,CHA,1,162,3
wedgeer01,2006,CLE,1,162,4
leylaji99,2006,DET,1,162,2
bellbu01,2006,KCA,1,162,5
sciosmi01,2006,LAA,1,162,2
gardero01,2006,MIN,1,162,1
torrejo01,2006,NYA,1,162,1
machake01,2006,OAK,1,162,1
hargrmi01,2006,SEA,1,162,4
maddojo99,2006,TBA,1,162,5
showabu99,2006,TEX,1,162,3
gibbojo02,2006,TOR,1,162,2
melvibo01,2006,ARI,1,162,4
coxbo01,2006,ATL,1,162,3
bakerdu01,2006,CHN,1,162,6
narroje01,2006,CIN,1,162,3
hurdlcl01,2006,COL,1,162,4
girarjo01,2006,FLO,1,162,4
garneph01,2006,HOU,1,162,2
littlgr99,2006,LAN,1,162,2
yostne01,2006,MIL,1,162,4
randowi01,2006,NYN,1,162,1
manuech01,2006,PHI,1,162,2
tracyji01,2006,PIT,1,162,5
bochybr01,2006,SDN,1,162,1
aloufe01,2006,SFN,1,161,3
larusto01,2006,SLN,1,161,1
robinfr02,2006,WAS,1,162,5
perlosa01,2007,BAL,1,69,5
trembda99,2007,BAL,2,93,4
francte01,2007,BOS,1,162,1
guilloz01,2007,CHA,1,162,4
wedgeer01,2007,CLE,1,162,1
leylaji99,2007,DET,1,162,2
bellbu01,2007,KCA,1,162,5
sciosmi01,2007,LAA,1,162,1
gardero01,2007,MIN,1,162,3
torrejo01,2007,NYA,1,162,2
gerenbo01,2007,OAK,1,162,3
hargrmi01,2007,SEA,1,78,2
mclarjo99,2007,SEA,2,84,2
maddojo99,2007,TBA,1,162,5
washiro01,2007,TEX,1,162,4
gibbojo02,2007,TOR,1,162,3
melvibo01,2007,ARI,1,162,1
coxbo01,2007,ATL,1,162,3
pinielo01,2007,CHN,1,162,1
narroje01,2007,CIN,1,82,6
mackape01,2007,CIN,2,80,5
hurdlcl01,2007,COL,1,163,2
gonzafr99,2007,FLO,1,162,5
garneph01,2007,HOU,1,131,6
coopece01,2007,HOU,2,31,4
littlgr99,2007,LAN,1,162,4
yostne01,2007,MIL,1,162,2
randowi01,2007,NYN,1,162,2
manuech01,2007,PHI,1,162,1
tracyji01,2007,PIT,1,162,6
blackbu02,2007,SDN,1,163,3
bochybr01,2007,SFN,1,162,5
larusto01,2007,SLN,1,162,3
actama99,2007,WAS,1,162,4
trembda99,2008,BAL,1,161,5
francte01,2008,BOS,1,162,2
guilloz01,2008,CHA,1,163,1
wedgeer01,2008,CLE,1,162,3
leylaji99,2008,DET,1,162,5
hillmtr99,2008,KCA,1,162,4
sciosmi01,2008,LAA,1,162,1
gardero01,2008,MIN,1,163,2
girarjo01,2008,NYA,1,162,3
gerenbo01,2008,OAK,1,161,3
mclarjo99,2008,SEA,1,72,4
rigglji99,2008,SEA,2,90,4
maddojo99,2008,TBA,1,162,1
washiro01,2008,TEX,1,162,2
gibbojo02,2008,TOR,1,74,5
gastoci01,2008,TOR,2,88,4
melvibo01,2008,ARI,1,162,2
coxbo01,2008,ATL,1,162,4
pinielo01,2008,CHN,1,161,1
bakerdu01,2008,CIN,1,162,5
hurdlcl01,2008,COL,1,162,3
gonzafr99,2008,FLO,1,161,3
coopece01,2008,HOU,1,161,3
torrejo01,2008,LAN,1,162,1
yostne01,2008,MIL,1,150,2
sveumda01,2008,MIL,2,12,2
randowi01,2008,NYN,1,69,3
manueje01,2008,NYN,2,93,2
manuech01,2008,PHI,1,162,1
russejo02,2008,PIT,1,162,6
blackbu02,2008,SDN,1,162,5
bochybr01,2008,SFN,1,162,4
larusto01,2008,SLN,1,162,4
actama99,2008,WAS,1,161,5
trembda99,2009,BAL,1,162,5
francte01,2009,BOS,1,162,2
guilloz01,2009,CHA,1,162,3
wedgeer01,2009,CLE,1,162,4
leylaji99,2009,DET,1,163,2
hillmtr99,2009,KCA,1,162,4
sciosmi01,2009,LAA,1,162,1
gardero01,2009,MIN,1,163,1
girarjo01,2009,NYA,1,162,1
gerenbo01,2009,OAK,1,162,4
wakamdo01,2009,SEA,1,162,3
maddojo99,2009,TBA,1,162,3
washiro01,2009,TEX,1,162,2
gastoci01,2009,TOR,1,162,4
melvibo01,2009,ARI,1,29,4
hinchaj01,2009,ARI,2,133,5
coxbo01,2009,ATL,1,162,3
pinielo01,2009,CHN,1,161,2
bakerdu01,2009,CIN,1,162,4
hurdlcl01,2009,COL,1,46,5
tracyji01,2009,COL,2,116,2
gonzafr99,2009,FLO,1,162,2
coopece01,2009,HOU,1,149,4
clarkda05,2009,HOU,2,13,5
torrejo01,2009,LAN,1,162,1
machake01,2009,MIL,1,162,3
manueje01,2009,NYN,1,162,4
manuech01,2009,PHI,1,162,1
russejo02,2009,PIT,1,161,6
blackbu02,2009,SDN,1,162,4
bochybr01,2009,SFN,1,162,3
larusto01,2009,SLN,1,162,1
actama99,2009,WAS,1,87,5
rigglji99,2009,WAS,2,75,5
trembda99,2010,BAL,1,54,5
samueju01,2010,BAL,2,51,5
showabu99,2010,BAL,3,57,5
francte01,2010,BOS,1,162,3
guilloz01,2010,CHA,1,162,2
actama99,2010,CLE,1,162,4
leylaji99,2010,DET,1,162,3
hillmtr99,2010,KCA,1,35,5
yostne01,2010,KCA,2,127,5
sciosmi01,2010,LAA,1,162,3
gardero01,2010,MIN,1,162,1
girarjo01,2010,NYA,1,162,2
gerenbo01,2010,OAK,1,162,2
wakamdo01,2010,SEA,1,112,4
brownda99,2010,SEA,2,50,4
maddojo99,2010,TBA,1,162,1
washiro01,2010,TEX,1,162,1
gastoci01,2010,TOR,1,162,4
hinchaj01,2010,ARI,1,79,5
gibsoki01,2010,ARI,2,83,5
coxbo01,2010,ATL,1,162,2
pinielo01,2010,CHN,1,125,5
quademi99,2010,CHN,2,37,5
bakerdu01,2010,CIN,1,162,1
tracyji01,2010,COL,1,162,3
gonzafr99,2010,FLO,1,70,4
rodried02,2010,FLO,2,92,3
millsbr01,2010,HOU,1,162,4
torrejo01,2010,LAN,1,162,4
machake01,2010,MIL,1,162,3
manueje01,2010,NYN,1,162,4
manuech01,2010,PHI,1,162,1
russejo02,2010,PIT,1,162,6
blackbu02,2010,SDN,1,162,2
bochybr01,2010,SFN,1,162,1
larusto01,2010,SLN,1,162,2
rigglji99,2010,WAS,1,162,5
showabu99,2011,BAL,1,162,5
francte01,2011,BOS,1,162,3
guilloz01,2011,CHA,1,160,3
coopedo01,2011,CHA,2,2,3
actama99,2011,CLE,1,162,2
leylaji99,2011,DET,1,162,1
yostne01,2011,KCA,1,162,4
sciosmi01,2011,LAA,1,162,2
gardero01,2011,MIN,1,162,5
girarjo01,2011,NYA,1,162,1
gerenbo01,2011,OAK,1,63,4
melvibo01,2011,OAK,2,99,4
wedgeer01,2011,SEA,1,162,5
maddojo99,2011,TBA,1,162,2
washiro01,2011,TEX,1,162,1
farrejo03,2011,TOR,1,162,4
gibsoki01,2011,ARI,1,162,1
gonzafr99,2011,ATL,1,162,2
quademi99,2011,CHN,1,162,5
bakerdu01,2011,CIN,1,162,3
tracyji01,2011,COL,1,162,4
rodried02,2011,FLO,1,71,5
hydebr99,2011,FLO,2,1,5
mckeoja99,2011,FLO,3,90,5
millsbr01,2011,HOU,1,162,6
mattido01,2011,LAN,1,161,3
roeniro01,2011,MIL,1,162,1
collite99,2011,NYN,1,162,4
manuech01,2011,PHI,1,162,1
hurdlcl01,2011,PIT,1,162,4
blackbu02,2011,SDN,1,162,5
bochybr01,2011,SFN,1,162,2
larusto01,2011,SLN,1,162,2
rigglji99,2011,WAS,1,75,3
mclarjo99,2011,WAS,2,3,3
johnsda02,2011,WAS,3,83,3
showabu99,2012,BAL,1,162,2
valenbo02,2012,BOS,1,162,5
venturo01,2012,CHA,1,162,2
actama99,2012,CLE,1,156,5
alomasa02,2012,CLE,2,6,5
leylaji99,2012,DET,1,162,1
yostne01,2012,KCA,1,162,
sciosmi01,2012,LAA,1,162,3
gardero01,2012,MIN,1,162,5
girarjo01,2012,NYA,1,162,1
melvibo01,2012,OAK,1,162,1
wedgeer01,2012,SEA,1,162,4
maddojo99,2012,TBA,1,162,3
washiro01,2012,TEX,1,162,2
farrejo03,2012,TOR,1,162,4
gibsoki01,2012,ARI,1,162,3
gonzafr99,2012,ATL,1,162,2
sveumda01,2012,CHN,1,162,5
bakerdu01,2012,CIN,1,162,1
tracyji01,2012,COL,1,162,5
guilloz01,2012,MIA,1,162,5
millsbr01,2012,HOU,1,121,6
defrato99,2012,HOU,2,41,6
mattido01,2012,LAN,1,162,2
roeniro01,2012,MIL,1,162,3
collite99,2012,NYN,1,162,4
manuech01,2012,PHI,1,162,3
hurdlcl01,2012,PIT,1,162,4
blackbu02,2012,SDN,1,162,4
bochybr01,2012,SFN,1,162,1
mathemi01,2012,SLN,1,162,2
johnsda02,2012,WAS,1,162,1
showabu99,2013,BAL,1,162,3
farrejo03,2013,BOS,1,162,1
venturo01,2013,CHA,1,162,5
francte01,2013,CLE,1,162,2
leylaji99,2013,DET,1,162,1
yostne01,2013,KCA,1,162,3
sciosmi01,2013,LAA,1,162,3
gardero01,2013,MIN,1,162,4
girarjo01,2013,NYA,1,162,3
melvibo01,2013,OAK,1,162,1
wedgeer01,2013,SEA,1,162,4
maddojo99,2013,TBA,1,163,2
washiro01,2013,TEX,1,163,2
gibbojo02,2013,TOR,1,162,5
gibsoki01,2013,ARI,1,162,2
gonzafr99,2013,ATL,1,162,1
sveumda01,2013,CHN,1,162,5
bakerdu01,2013,CIN,1,162,3
weisswa01,2013,COL,1,162,5
portebo03,2013,HOU,1,162,5
mattido01,2013,LAN,1,162,1
redmomi01,2013,MIA,1,162,5
roeniro01,2013,MIL,1,162,4
collite99,2013,NYN,1,162,3
manuech01,2013,PHI,1,120,4
sandbry01,2013,PHI,2,42,4
hurdlcl01,2013,PIT,1,162,2
blackbu02,2013,SDN,1,162,3
bochybr01,2013,SFN,1,162,3
mathemi01,2013,SLN,1,162,1
johnsda02,2013,WAS,1,162,2
gibsoki01,2014,ARI,1,159,5
trammal01,2014,ARI,2,3,5
gonzafr99,2014,ATL,1,162,2
showabu99,2014,BAL,1,162,1
farrejo03,2014,BOS,1,162,5
venturo01,2014,CHA,1,162,4
renteri01,2014,CHN,1,162,5
pricebr99,2014,CIN,1,162,4
francte01,2014,CLE,1,162,3
weisswa01,2014,COL,1,162,4
ausmubr01,2014,DET,1,162,1
portebo03,2014,HOU,1,138,4
lawleto01,2014,HOU,2,24,4
yostne01,2014,KCA,1,162,2
sciosmi01,2014,LAA,1,162,1
mattido01,2014,LAN,1,162,1
redmomi01,2014,MIA,1,162,4
roeniro01,2014,MIL,1,162,3
gardero01,2014,MIN,1,162,5
girarjo01,2014,NYA,1,162,2
collite99,2014,NYN,1,162,3
melvibo01,2014,OAK,1,162,2
sandbry01,2014,PHI,1,162,5
hurdlcl01,2014,PIT,1,162,2
blackbu02,2014,SDN,1,162,3
mcclell01,2014,SEA,1,162,3
bochybr01,2014,SFN,1,162,2
mathemi01,2014,SLN,1,162,1
maddojo99,2014,TBA,1,162,4
washiro01,2014,TEX,1,140,5
bogarti01,2014,TEX,2,22,5
gibbojo02,2014,TOR,1,162,3
willima04,2014,WAS,1,162,1
showabu99,2015,BAL,1,162,3
farrejo03,2015,BOS,1,162,5
venturo01,2015,CHA,1,162,4
francte01,2015,CLE,1,161,3
ausmubr01,2015,DET,1,161,5
hinchaj01,2015,HOU,1,162,2
yostne01,2015,KCA,1,162,1
sciosmi01,2015,LAA,1,162,3
molitpa01,2015,MIN,1,162,2
girarjo01,2015,NYA,1,162,2
melvibo01,2015,OAK,1,162,5
mcclell01,2015,SEA,1,162,4
cashke01,2015,TBA,1,162,4
banisje01,2015,TEX,1,162,1
gibbojo02,2015,TOR,1,162,1
halech01,2015,ARI,1,162,3
gonzafr99,2015,ATL,1,162,4
maddojo99,2015,CHN,1,162,3
pricebr99,2015,CIN,1,162,5
weisswa01,2015,COL,1,162,5
mattido01,2015,LAN,1,162,1
redmomi01,2015,MIA,1,38,4
jennida99,2015,MIA,2,124,3
roeniro01,2015,MIL,1,25,5
counscr01,2015,MIL,2,137,4
collite99,2015,NYN,1,162,1
sandbry01,2015,PHI,1,74,5
mackape01,2015,PHI,2,88,5
hurdlcl01,2015,PIT,1,162,2
blackbu02,2015,SDN,1,65,3
roberda07,2015,SDN,2,1,4
murphpa99,2015,SDN,3,96,4
bochybr01,2015,SFN,1,162,2
mathemi01,2015,SLN,1,162,1
willima04,2015,WAS,1,162,2
