teamIDBR,teamIDLahman45,teamIDretro,yearID
BOS,BS1,BS1,1871
CHI,CH1,CH1,1871
CLE,CL1,CL1,1871
KEK,FW1,FW1,1871
NYU,NY2,NY2,1871
ATH,PH1,PH1,1871
ROK,RC1,RC1,1871
TRO,TRO,TRO,1871
OLY,WS3,WS3,1871
BAL,BL1,BL1,1872
ECK,BR1,BR1,1872
BRA,BR2,BR2,1872
BOS,BS1,BS1,1872
CLE,CL1,CL1,1872
MAN,MID,MID,1872
NYU,NY2,NY2,1872
ATH,PH1,PH1,1872
TRO,TRO,TRO,1872
OLY,WS3,WS3,1872
NAT,WS4,WS4,1872
BAL,BL1,BL1,1873
MAR,BL4,BL4,1873
BRA,BR2,BR2,1873
BOS,BS1,BS1,1873
RES,ELI,ELI,1873
NYU,NY2,NY2,1873
ATH,PH1,PH1,1873
PHI,PH2,PH2,1873
WAS,WS5,WS5,1873
BAL,BL1,BL1,1874
BRA,BR2,BR2,1874
BOS,BS1,BS1,1874
CHI,CH2,CH2,1874
HAR,HR1,HR1,1874
NYU,NY2,NY2,1874
ATH,PH1,PH1,1874
PHI,PH2,PH2,1874
BRA,BR2,BR2,1875
BOS,BS1,BS1,1875
CHI,CH2,CH2,1875
HAR,HR1,HR1,1875
WES,KEO,KEO,1875
NHV,NH1,NH1,1875
NYU,NY2,NY2,1875
ATH,PH1,PH1,1875
PHI,PH2,PH2,1875
CEN,PH3,PH3,1875
SLR,SL1,SL1,1875
STL,SL2,SL2,1875
WAS,WS6,WS6,1875
BSN,BSN,BSN,1876
CHC,CHN,CHN,1876
CIN,CN1,CN1,1876
HAR,HAR,HAR,1876
LOU,LS1,LS1,1876
NYU,NY3,NY3,1876
ATH,PHN,PHN,1876
STL,SL3,SL3,1876
BSN,BSN,BSN,1877
CHC,CHN,CHN,1877
CIN,CN1,CN1,1877
HAR,HAR,HAR,1877
LOU,LS1,LS1,1877
STL,SL3,SL3,1877
BSN,BSN,BSN,1878
CHC,CHN,CHN,1878
CIN,CN1,CN1,1878
IND,IN1,IN1,1878
MLG,ML2,ML2,1878
PRO,PRO,PRO,1878
BUF,BFN,BFN,1879
BSN,BSN,BSN,1879
CHC,CHN,CHN,1879
CLV,CL2,CL2,1879
CIN,CN1,CN1,1879
PRO,PRO,PRO,1879
SYR,SR1,SR1,1879
TRO,TRN,TRN,1879
BUF,BFN,BFN,1880
BSN,BSN,BSN,1880
CHC,CHN,CHN,1880
CLV,CL2,CL2,1880
CIN,CN1,CN1,1880
PRO,PRO,PRO,1880
TRO,TRN,TRN,1880
WOR,WOR,WOR,1880
BUF,BFN,BFN,1881
BSN,BSN,BSN,1881
CHC,CHN,CHN,1881
CLV,CL2,CL2,1881
DTN,DTN,DTN,1881
PRO,PRO,PRO,1881
TRO,TRN,TRN,1881
WOR,WOR,WOR,1881
BUF,BFN,BFN,1882
BAL,BL2,BL2,1882
BSN,BSN,BSN,1882
CHC,CHN,CHN,1882
CLV,CL2,CL2,1882
CIN,CN2,CN2,1882
DTN,DTN,DTN,1882
LOU,LS2,LS2,1882
PHA,PH4,PH4,1882
PRO,PRO,PRO,1882
PIT,PT1,PT1,1882
STL,SL4,SL4,1882
TRO,TRN,TRN,1882
WOR,WOR,WOR,1882
BUF,BFN,BFN,1883
BAL,BL2,BL2,1883
BSN,BSN,BSN,1883
CHC,CHN,CHN,1883
CLV,CL2,CL2,1883
COL,CL5,CL5,1883
CIN,CN2,CN2,1883
DTN,DTN,DTN,1883
LOU,LS2,LS2,1883
NYG,NY1,NY1,1883
NYP,NY4,NY4,1883
PHA,PH4,PH4,1883
PHI,PHI,PHI,1883
PRO,PRO,PRO,1883
PIT,PT1,PT1,1883
STL,SL4,SL4,1883
ALT,ALT,ALT,1884
BUF,BFN,BFN,1884
BAL,BL2,BL2,1884
BLU,BLU,BLU,1884
BRO,BR3,BR3,1884
BSN,BSN,BSN,1884
BOS,BSU,BSU,1884
CHC,CHN,CHN,1884
CPI,CHU,CHU,1884
CLV,CL2,CL2,1884
COL,CL5,CL5,1884
CIN,CN2,CN2,1884
COR,CNU,CNU,1884
DTN,DTN,DTN,1884
IND,IN2,IN2,1884
KCC,KCU,KCU,1884
LOU,LS2,LS2,1884
MIL,MLU,MLU,1884
NYG,NY1,NY1,1884
NYP,NY4,NY4,1884
PHA,PH4,PH4,1884
PHI,PHI,PHI,1884
PHK,PHU,PHU,1884
PRO,PRO,PRO,1884
PIT,PT1,PT1,1884
RIC,RIC,RIC,1884
STL,SL4,SL4,1884
SLM,SLU,SLU,1884
STP,SPU,SPU,1884
TOL,TL1,TL1,1884
WIL,WIL,WIL,1884
WAS,WS7,WS7,1884
WHS,WSU,WSU,1884
BUF,BFN,BFN,1885
BAL,BL2,BL2,1885
BRO,BR3,BR3,1885
BSN,BSN,BSN,1885
CHC,CHN,CHN,1885
CIN,CN2,CN2,1885
DTN,DTN,DTN,1885
LOU,LS2,LS2,1885
NYG,NY1,NY1,1885
NYP,NY4,NY4,1885
PHA,PH4,PH4,1885
PHI,PHI,PHI,1885
PRO,PRO,PRO,1885
PIT,PT1,PT1,1885
STL,SL4,SL4,1885
SLM,SL5,SL5,1885
BAL,BL2,BL2,1886
BRO,BR3,BR3,1886
BSN,BSN,BSN,1886
CHC,CHN,CHN,1886
CIN,CN2,CN2,1886
DTN,DTN,DTN,1886
KCN,KCN,KCN,1886
LOU,LS2,LS2,1886
NYG,NY1,NY1,1886
NYP,NY4,NY4,1886
PHA,PH4,PH4,1886
PHI,PHI,PHI,1886
PIT,PT1,PT1,1886
STL,SL4,SL4,1886
SLM,SL5,SL5,1886
WHS,WS8,WS8,1886
BAL,BL2,BL2,1887
BRO,BR3,BR3,1887
BSN,BSN,BSN,1887
CHC,CHN,CHN,1887
CLE,CL3,CL3,1887
CIN,CN2,CN2,1887
DTN,DTN,DTN,1887
IND,IN3,IN3,1887
LOU,LS2,LS2,1887
NYG,NY1,NY1,1887
NYP,NY4,NY4,1887
PHA,PH4,PH4,1887
PHI,PHI,PHI,1887
PIT,PIT,PIT,1887
STL,SL4,SL4,1887
WHS,WS8,WS8,1887
BAL,BL2,BL2,1888
BRO,BR3,BR3,1888
BSN,BSN,BSN,1888
CHC,CHN,CHN,1888
CLE,CL3,CL3,1888
CIN,CN2,CN2,1888
DTN,DTN,DTN,1888
IND,IN3,IN3,1888
KCC,KC2,KC2,1888
LOU,LS2,LS2,1888
NYG,NY1,NY1,1888
PHA,PH4,PH4,1888
PHI,PHI,PHI,1888
PIT,PIT,PIT,1888
STL,SL4,SL4,1888
WHS,WS8,WS8,1888
BAL,BL2,BL2,1889
BRO,BR3,BR3,1889
BSN,BSN,BSN,1889
CHC,CHN,CHN,1889
CLV,CL4,CL4,1889
COL,CL6,CL6,1889
CIN,CN2,CN2,1889
IND,IN3,IN3,1889
KCC,KC2,KC2,1889
LOU,LS2,LS2,1889
NYG,NY1,NY1,1889
PHA,PH4,PH4,1889
PHI,PHI,PHI,1889
PIT,PIT,PIT,1889
STL,SL4,SL4,1889
WHS,WS8,WS8,1889
BUF,BFP,BFP,1890
BAL,BL3,BL3,1890
BRG,BR4,BR4,1890
BRO,BRO,BRO,1890
BWW,BRP,BRP,1890
BSN,BSN,BSN,1890
BOS,BSP,BSP,1890
CHC,CHN,CHN,1890
CHI,CHP,CHP,1890
CIN,CIN,CIN,1890
CLV,CL4,CL4,1890
COL,CL6,CL6,1890
CLE,CLP,CLP,1890
LOU,LS2,LS2,1890
NYG,NY1,NY1,1890
NYI,NYP,NYP,1890
PHA,PH4,PH4,1890
PHI,PHI,PHI,1890
PHQ,PHP,PHP,1890
PIT,PIT,PIT,1890
PBB,PTP,PTP,1890
ROC,RC2,RC2,1890
STL,SL4,SL4,1890
SYR,SR2,SR2,1890
TOL,TL2,TL2,1890
BAL,BL3,BL3,1891
BRO,BRO,BRO,1891
BOS,BS2,BS2,1891
BSN,BSN,BSN,1891
CHC,CHN,CHN,1891
CIN,CIN,CIN,1891
CLV,CL4,CL4,1891
COL,CL6,CL6,1891
CKK,CN3,CN3,1891
LOU,LS2,LS2,1891
MIL,ML3,ML3,1891
NYG,NY1,NY1,1891
PHA,PH4,PH4,1891
PHI,PHI,PHI,1891
PIT,PIT,PIT,1891
STL,SL4,SL4,1891
WAS,WS9,WS9,1891
BLN,BLN,BLN,1892
BRO,BRO,BRO,1892
BSN,BSN,BSN,1892
CHC,CHN,CHN,1892
CIN,CIN,CIN,1892
CLV,CL4,CL4,1892
LOU,LS3,LS3,1892
NYG,NY1,NY1,1892
PHI,PHI,PHI,1892
PIT,PIT,PIT,1892
STL,SLN,SLN,1892
WHS,WSN,WSN,1892
BLN,BLN,BLN,1893
BRO,BRO,BRO,1893
BSN,BSN,BSN,1893
CHC,CHN,CHN,1893
CIN,CIN,CIN,1893
CLV,CL4,CL4,1893
LOU,LS3,LS3,1893
NYG,NY1,NY1,1893
PHI,PHI,PHI,1893
PIT,PIT,PIT,1893
STL,SLN,SLN,1893
WHS,WSN,WSN,1893
BLN,BLN,BLN,1894
BRO,BRO,BRO,1894
BSN,BSN,BSN,1894
CHC,CHN,CHN,1894
CIN,CIN,CIN,1894
CLV,CL4,CL4,1894
LOU,LS3,LS3,1894
NYG,NY1,NY1,1894
PHI,PHI,PHI,1894
PIT,PIT,PIT,1894
STL,SLN,SLN,1894
WHS,WSN,WSN,1894
BLN,BLN,BLN,1895
BRO,BRO,BRO,1895
BSN,BSN,BSN,1895
CHC,CHN,CHN,1895
CIN,CIN,CIN,1895
CLV,CL4,CL4,1895
LOU,LS3,LS3,1895
NYG,NY1,NY1,1895
PHI,PHI,PHI,1895
PIT,PIT,PIT,1895
STL,SLN,SLN,1895
WHS,WSN,WSN,1895
BLN,BLN,BLN,1896
BRO,BRO,BRO,1896
BSN,BSN,BSN,1896
CHC,CHN,CHN,1896
CIN,CIN,CIN,1896
CLV,CL4,CL4,1896
LOU,LS3,LS3,1896
NYG,NY1,NY1,1896
PHI,PHI,PHI,1896
PIT,PIT,PIT,1896
STL,SLN,SLN,1896
WHS,WSN,WSN,1896
BLN,BLN,BLN,1897
BRO,BRO,BRO,1897
BSN,BSN,BSN,1897
CHC,CHN,CHN,1897
CIN,CIN,CIN,1897
CLV,CL4,CL4,1897
LOU,LS3,LS3,1897
NYG,NY1,NY1,1897
PHI,PHI,PHI,1897
PIT,PIT,PIT,1897
STL,SLN,SLN,1897
WHS,WSN,WSN,1897
BLN,BLN,BLN,1898
BRO,BRO,BRO,1898
BSN,BSN,BSN,1898
CHC,CHN,CHN,1898
CIN,CIN,CIN,1898
CLV,CL4,CL4,1898
LOU,LS3,LS3,1898
NYG,NY1,NY1,1898
PHI,PHI,PHI,1898
PIT,PIT,PIT,1898
STL,SLN,SLN,1898
WHS,WSN,WSN,1898
BLN,BLN,BLN,1899
BRO,BRO,BRO,1899
BSN,BSN,BSN,1899
CHC,CHN,CHN,1899
CIN,CIN,CIN,1899
CLV,CL4,CL4,1899
LOU,LS3,LS3,1899
NYG,NY1,NY1,1899
PHI,PHI,PHI,1899
PIT,PIT,PIT,1899
STL,SLN,SLN,1899
WHS,WSN,WSN,1899
BRO,BRO,BRO,1900
BSN,BSN,BSN,1900
CHC,CHN,CHN,1900
CIN,CIN,CIN,1900
NYG,NY1,NY1,1900
PHI,PHI,PHI,1900
PIT,PIT,PIT,1900
STL,SLN,SLN,1900
BLA,BLA,BLA,1901
BOS,BOS,BOS,1901
BRO,BRO,BRO,1901
BSN,BSN,BSN,1901
CHW,CHA,CHA,1901
CHC,CHN,CHN,1901
CIN,CIN,CIN,1901
CLE,CLE,CLE,1901
DET,DET,DET,1901
MLA,MLA,MLA,1901
NYG,NY1,NY1,1901
PHA,PHA,PHA,1901
PHI,PHI,PHI,1901
PIT,PIT,PIT,1901
STL,SLN,SLN,1901
WSH,WS1,WS1,1901
BLA,BLA,BLA,1902
BOS,BOS,BOS,1902
BRO,BRO,BRO,1902
BSN,BSN,BSN,1902
CHW,CHA,CHA,1902
CHC,CHN,CHN,1902
CIN,CIN,CIN,1902
CLE,CLE,CLE,1902
DET,DET,DET,1902
NYG,NY1,NY1,1902
PHA,PHA,PHA,1902
PHI,PHI,PHI,1902
PIT,PIT,PIT,1902
SLB,SLA,SLA,1902
STL,SLN,SLN,1902
WSH,WS1,WS1,1902
BOS,BOS,BOS,1903
BRO,BRO,BRO,1903
BSN,BSN,BSN,1903
CHW,CHA,CHA,1903
CHC,CHN,CHN,1903
CIN,CIN,CIN,1903
CLE,CLE,CLE,1903
DET,DET,DET,1903
NYG,NY1,NY1,1903
NYY,NYA,NYA,1903
PHA,PHA,PHA,1903
PHI,PHI,PHI,1903
PIT,PIT,PIT,1903
SLB,SLA,SLA,1903
STL,SLN,SLN,1903
WSH,WS1,WS1,1903
BOS,BOS,BOS,1904
BRO,BRO,BRO,1904
BSN,BSN,BSN,1904
CHW,CHA,CHA,1904
CHC,CHN,CHN,1904
CIN,CIN,CIN,1904
CLE,CLE,CLE,1904
DET,DET,DET,1904
NYG,NY1,NY1,1904
NYY,NYA,NYA,1904
PHA,PHA,PHA,1904
PHI,PHI,PHI,1904
PIT,PIT,PIT,1904
SLB,SLA,SLA,1904
STL,SLN,SLN,1904
WSH,WS1,WS1,1904
BOS,BOS,BOS,1905
BRO,BRO,BRO,1905
BSN,BSN,BSN,1905
CHW,CHA,CHA,1905
CHC,CHN,CHN,1905
CIN,CIN,CIN,1905
CLE,CLE,CLE,1905
DET,DET,DET,1905
NYG,NY1,NY1,1905
NYY,NYA,NYA,1905
PHA,PHA,PHA,1905
PHI,PHI,PHI,1905
PIT,PIT,PIT,1905
SLB,SLA,SLA,1905
STL,SLN,SLN,1905
WSH,WS1,WS1,1905
BOS,BOS,BOS,1906
BRO,BRO,BRO,1906
BSN,BSN,BSN,1906
CHW,CHA,CHA,1906
CHC,CHN,CHN,1906
CIN,CIN,CIN,1906
CLE,CLE,CLE,1906
DET,DET,DET,1906
NYG,NY1,NY1,1906
NYY,NYA,NYA,1906
PHA,PHA,PHA,1906
PHI,PHI,PHI,1906
PIT,PIT,PIT,1906
SLB,SLA,SLA,1906
STL,SLN,SLN,1906
WSH,WS1,WS1,1906
BOS,BOS,BOS,1907
BRO,BRO,BRO,1907
BSN,BSN,BSN,1907
CHW,CHA,CHA,1907
CHC,CHN,CHN,1907
CIN,CIN,CIN,1907
CLE,CLE,CLE,1907
DET,DET,DET,1907
NYG,NY1,NY1,1907
NYY,NYA,NYA,1907
PHA,PHA,PHA,1907
PHI,PHI,PHI,1907
PIT,PIT,PIT,1907
SLB,SLA,SLA,1907
STL,SLN,SLN,1907
WSH,WS1,WS1,1907
BOS,BOS,BOS,1908
BRO,BRO,BRO,1908
BSN,BSN,BSN,1908
CHW,CHA,CHA,1908
CHC,CHN,CHN,1908
CIN,CIN,CIN,1908
CLE,CLE,CLE,1908
DET,DET,DET,1908
NYG,NY1,NY1,1908
NYY,NYA,NYA,1908
PHA,PHA,PHA,1908
PHI,PHI,PHI,1908
PIT,PIT,PIT,1908
SLB,SLA,SLA,1908
STL,SLN,SLN,1908
WSH,WS1,WS1,1908
BOS,BOS,BOS,1909
BRO,BRO,BRO,1909
BSN,BSN,BSN,1909
CHW,CHA,CHA,1909
CHC,CHN,CHN,1909
CIN,CIN,CIN,1909
CLE,CLE,CLE,1909
DET,DET,DET,1909
NYG,NY1,NY1,1909
NYY,NYA,NYA,1909
PHA,PHA,PHA,1909
PHI,PHI,PHI,1909
PIT,PIT,PIT,1909
SLB,SLA,SLA,1909
STL,SLN,SLN,1909
WSH,WS1,WS1,1909
BOS,BOS,BOS,1910
BRO,BRO,BRO,1910
BSN,BSN,BSN,1910
CHW,CHA,CHA,1910
CHC,CHN,CHN,1910
CIN,CIN,CIN,1910
CLE,CLE,CLE,1910
DET,DET,DET,1910
NYG,NY1,NY1,1910
NYY,NYA,NYA,1910
PHA,PHA,PHA,1910
PHI,PHI,PHI,1910
PIT,PIT,PIT,1910
SLB,SLA,SLA,1910
STL,SLN,SLN,1910
WSH,WS1,WS1,1910
BOS,BOS,BOS,1911
BRO,BRO,BRO,1911
BSN,BSN,BSN,1911
CHW,CHA,CHA,1911
CHC,CHN,CHN,1911
CIN,CIN,CIN,1911
CLE,CLE,CLE,1911
DET,DET,DET,1911
NYG,NY1,NY1,1911
NYY,NYA,NYA,1911
PHA,PHA,PHA,1911
PHI,PHI,PHI,1911
PIT,PIT,PIT,1911
SLB,SLA,SLA,1911
STL,SLN,SLN,1911
WSH,WS1,WS1,1911
BOS,BOS,BOS,1912
BRO,BRO,BRO,1912
BSN,BSN,BSN,1912
CHW,CHA,CHA,1912
CHC,CHN,CHN,1912
CIN,CIN,CIN,1912
CLE,CLE,CLE,1912
DET,DET,DET,1912
NYG,NY1,NY1,1912
NYY,NYA,NYA,1912
PHA,PHA,PHA,1912
PHI,PHI,PHI,1912
PIT,PIT,PIT,1912
SLB,SLA,SLA,1912
STL,SLN,SLN,1912
WSH,WS1,WS1,1912
BOS,BOS,BOS,1913
BRO,BRO,BRO,1913
BSN,BSN,BSN,1913
CHW,CHA,CHA,1913
CHC,CHN,CHN,1913
CIN,CIN,CIN,1913
CLE,CLE,CLE,1913
DET,DET,DET,1913
NYG,NY1,NY1,1913
NYY,NYA,NYA,1913
PHA,PHA,PHA,1913
PHI,PHI,PHI,1913
PIT,PIT,PIT,1913
SLB,SLA,SLA,1913
STL,SLN,SLN,1913
WSH,WS1,WS1,1913
BAL,BLF,BLF,1914
BOS,BOS,BOS,1914
BTT,BRF,BRF,1914
BRO,BRO,BRO,1914
BSN,BSN,BSN,1914
BUF,BUF,BUF,1914
CHW,CHA,CHA,1914
CHI,CHF,CHF,1914
CHC,CHN,CHN,1914
CIN,CIN,CIN,1914
CLE,CLE,CLE,1914
DET,DET,DET,1914
IND,IND,IND,1914
KCP,KCF,KCF,1914
NYG,NY1,NY1,1914
NYY,NYA,NYA,1914
PHA,PHA,PHA,1914
PHI,PHI,PHI,1914
PIT,PIT,PIT,1914
PBS,PTF,PTF,1914
SLB,SLA,SLA,1914
SLM,SLF,SLF,1914
STL,SLN,SLN,1914
WSH,WS1,WS1,1914
BAL,BLF,BLF,1915
BOS,BOS,BOS,1915
BTT,BRF,BRF,1915
BRO,BRO,BRO,1915
BSN,BSN,BSN,1915
BUF,BUF,BUF,1915
CHW,CHA,CHA,1915
CHI,CHF,CHF,1915
CHC,CHN,CHN,1915
CIN,CIN,CIN,1915
CLE,CLE,CLE,1915
DET,DET,DET,1915
KCP,KCF,KCF,1915
NEW,NEW,NEW,1915
NYG,NY1,NY1,1915
NYY,NYA,NYA,1915
PHA,PHA,PHA,1915
PHI,PHI,PHI,1915
PIT,PIT,PIT,1915
PBS,PTF,PTF,1915
SLB,SLA,SLA,1915
SLM,SLF,SLF,1915
STL,SLN,SLN,1915
WSH,WS1,WS1,1915
BOS,BOS,BOS,1916
BRO,BRO,BRO,1916
BSN,BSN,BSN,1916
CHW,CHA,CHA,1916
CHC,CHN,CHN,1916
CIN,CIN,CIN,1916
CLE,CLE,CLE,1916
DET,DET,DET,1916
NYG,NY1,NY1,1916
NYY,NYA,NYA,1916
PHA,PHA,PHA,1916
PHI,PHI,PHI,1916
PIT,PIT,PIT,1916
SLB,SLA,SLA,1916
STL,SLN,SLN,1916
WSH,WS1,WS1,1916
BOS,BOS,BOS,1917
BRO,BRO,BRO,1917
BSN,BSN,BSN,1917
CHW,CHA,CHA,1917
CHC,CHN,CHN,1917
CIN,CIN,CIN,1917
CLE,CLE,CLE,1917
DET,DET,DET,1917
NYG,NY1,NY1,1917
NYY,NYA,NYA,1917
PHA,PHA,PHA,1917
PHI,PHI,PHI,1917
PIT,PIT,PIT,1917
SLB,SLA,SLA,1917
STL,SLN,SLN,1917
WSH,WS1,WS1,1917
BOS,BOS,BOS,1918
BRO,BRO,BRO,1918
BSN,BSN,BSN,1918
CHW,CHA,CHA,1918
CHC,CHN,CHN,1918
CIN,CIN,CIN,1918
CLE,CLE,CLE,1918
DET,DET,DET,1918
NYG,NY1,NY1,1918
NYY,NYA,NYA,1918
PHA,PHA,PHA,1918
PHI,PHI,PHI,1918
PIT,PIT,PIT,1918
SLB,SLA,SLA,1918
STL,SLN,SLN,1918
WSH,WS1,WS1,1918
BOS,BOS,BOS,1919
BRO,BRO,BRO,1919
BSN,BSN,BSN,1919
CHW,CHA,CHA,1919
CHC,CHN,CHN,1919
CIN,CIN,CIN,1919
CLE,CLE,CLE,1919
DET,DET,DET,1919
NYG,NY1,NY1,1919
NYY,NYA,NYA,1919
PHA,PHA,PHA,1919
PHI,PHI,PHI,1919
PIT,PIT,PIT,1919
SLB,SLA,SLA,1919
STL,SLN,SLN,1919
WSH,WS1,WS1,1919
BOS,BOS,BOS,1920
BRO,BRO,BRO,1920
BSN,BSN,BSN,1920
CHW,CHA,CHA,1920
CHC,CHN,CHN,1920
CIN,CIN,CIN,1920
CLE,CLE,CLE,1920
DET,DET,DET,1920
NYG,NY1,NY1,1920
NYY,NYA,NYA,1920
PHA,PHA,PHA,1920
PHI,PHI,PHI,1920
PIT,PIT,PIT,1920
SLB,SLA,SLA,1920
STL,SLN,SLN,1920
WSH,WS1,WS1,1920
BOS,BOS,BOS,1921
BRO,BRO,BRO,1921
BSN,BSN,BSN,1921
CHW,CHA,CHA,1921
CHC,CHN,CHN,1921
CIN,CIN,CIN,1921
CLE,CLE,CLE,1921
DET,DET,DET,1921
NYG,NY1,NY1,1921
NYY,NYA,NYA,1921
PHA,PHA,PHA,1921
PHI,PHI,PHI,1921
PIT,PIT,PIT,1921
SLB,SLA,SLA,1921
STL,SLN,SLN,1921
WSH,WS1,WS1,1921
BOS,BOS,BOS,1922
BRO,BRO,BRO,1922
BSN,BSN,BSN,1922
CHW,CHA,CHA,1922
CHC,CHN,CHN,1922
CIN,CIN,CIN,1922
CLE,CLE,CLE,1922
DET,DET,DET,1922
NYG,NY1,NY1,1922
NYY,NYA,NYA,1922
PHA,PHA,PHA,1922
PHI,PHI,PHI,1922
PIT,PIT,PIT,1922
SLB,SLA,SLA,1922
STL,SLN,SLN,1922
WSH,WS1,WS1,1922
BOS,BOS,BOS,1923
BRO,BRO,BRO,1923
BSN,BSN,BSN,1923
CHW,CHA,CHA,1923
CHC,CHN,CHN,1923
CIN,CIN,CIN,1923
CLE,CLE,CLE,1923
DET,DET,DET,1923
NYG,NY1,NY1,1923
NYY,NYA,NYA,1923
PHA,PHA,PHA,1923
PHI,PHI,PHI,1923
PIT,PIT,PIT,1923
SLB,SLA,SLA,1923
STL,SLN,SLN,1923
WSH,WS1,WS1,1923
BOS,BOS,BOS,1924
BRO,BRO,BRO,1924
BSN,BSN,BSN,1924
CHW,CHA,CHA,1924
CHC,CHN,CHN,1924
CIN,CIN,CIN,1924
CLE,CLE,CLE,1924
DET,DET,DET,1924
NYG,NY1,NY1,1924
NYY,NYA,NYA,1924
PHA,PHA,PHA,1924
PHI,PHI,PHI,1924
PIT,PIT,PIT,1924
SLB,SLA,SLA,1924
STL,SLN,SLN,1924
WSH,WS1,WS1,1924
BOS,BOS,BOS,1925
BRO,BRO,BRO,1925
BSN,BSN,BSN,1925
CHW,CHA,CHA,1925
CHC,CHN,CHN,1925
CIN,CIN,CIN,1925
CLE,CLE,CLE,1925
DET,DET,DET,1925
NYG,NY1,NY1,1925
NYY,NYA,NYA,1925
PHA,PHA,PHA,1925
PHI,PHI,PHI,1925
PIT,PIT,PIT,1925
SLB,SLA,SLA,1925
STL,SLN,SLN,1925
WSH,WS1,WS1,1925
BOS,BOS,BOS,1926
BRO,BRO,BRO,1926
BSN,BSN,BSN,1926
CHW,CHA,CHA,1926
CHC,CHN,CHN,1926
CIN,CIN,CIN,1926
CLE,CLE,CLE,1926
DET,DET,DET,1926
NYG,NY1,NY1,1926
NYY,NYA,NYA,1926
PHA,PHA,PHA,1926
PHI,PHI,PHI,1926
PIT,PIT,PIT,1926
SLB,SLA,SLA,1926
STL,SLN,SLN,1926
WSH,WS1,WS1,1926
BOS,BOS,BOS,1927
BRO,BRO,BRO,1927
BSN,BSN,BSN,1927
CHW,CHA,CHA,1927
CHC,CHN,CHN,1927
CIN,CIN,CIN,1927
CLE,CLE,CLE,1927
DET,DET,DET,1927
NYG,NY1,NY1,1927
NYY,NYA,NYA,1927
PHA,PHA,PHA,1927
PHI,PHI,PHI,1927
PIT,PIT,PIT,1927
SLB,SLA,SLA,1927
STL,SLN,SLN,1927
WSH,WS1,WS1,1927
BOS,BOS,BOS,1928
BRO,BRO,BRO,1928
BSN,BSN,BSN,1928
CHW,CHA,CHA,1928
CHC,CHN,CHN,1928
CIN,CIN,CIN,1928
CLE,CLE,CLE,1928
DET,DET,DET,1928
NYG,NY1,NY1,1928
NYY,NYA,NYA,1928
PHA,PHA,PHA,1928
PHI,PHI,PHI,1928
PIT,PIT,PIT,1928
SLB,SLA,SLA,1928
STL,SLN,SLN,1928
WSH,WS1,WS1,1928
BOS,BOS,BOS,1929
BRO,BRO,BRO,1929
BSN,BSN,BSN,1929
CHW,CHA,CHA,1929
CHC,CHN,CHN,1929
CIN,CIN,CIN,1929
CLE,CLE,CLE,1929
DET,DET,DET,1929
NYG,NY1,NY1,1929
NYY,NYA,NYA,1929
PHA,PHA,PHA,1929
PHI,PHI,PHI,1929
PIT,PIT,PIT,1929
SLB,SLA,SLA,1929
STL,SLN,SLN,1929
WSH,WS1,WS1,1929
BOS,BOS,BOS,1930
BRO,BRO,BRO,1930
BSN,BSN,BSN,1930
CHW,CHA,CHA,1930
CHC,CHN,CHN,1930
CIN,CIN,CIN,1930
CLE,CLE,CLE,1930
DET,DET,DET,1930
NYG,NY1,NY1,1930
NYY,NYA,NYA,1930
PHA,PHA,PHA,1930
PHI,PHI,PHI,1930
PIT,PIT,PIT,1930
SLB,SLA,SLA,1930
STL,SLN,SLN,1930
WSH,WS1,WS1,1930
BOS,BOS,BOS,1931
BRO,BRO,BRO,1931
BSN,BSN,BSN,1931
CHW,CHA,CHA,1931
CHC,CHN,CHN,1931
CIN,CIN,CIN,1931
CLE,CLE,CLE,1931
DET,DET,DET,1931
NYG,NY1,NY1,1931
NYY,NYA,NYA,1931
PHA,PHA,PHA,1931
PHI,PHI,PHI,1931
PIT,PIT,PIT,1931
SLB,SLA,SLA,1931
STL,SLN,SLN,1931
WSH,WS1,WS1,1931
BOS,BOS,BOS,1932
BRO,BRO,BRO,1932
BSN,BSN,BSN,1932
CHW,CHA,CHA,1932
CHC,CHN,CHN,1932
CIN,CIN,CIN,1932
CLE,CLE,CLE,1932
DET,DET,DET,1932
NYG,NY1,NY1,1932
NYY,NYA,NYA,1932
PHA,PHA,PHA,1932
PHI,PHI,PHI,1932
PIT,PIT,PIT,1932
SLB,SLA,SLA,1932
STL,SLN,SLN,1932
WSH,WS1,WS1,1932
BOS,BOS,BOS,1933
BRO,BRO,BRO,1933
BSN,BSN,BSN,1933
CHW,CHA,CHA,1933
CHC,CHN,CHN,1933
CIN,CIN,CIN,1933
CLE,CLE,CLE,1933
DET,DET,DET,1933
NYG,NY1,NY1,1933
NYY,NYA,NYA,1933
PHA,PHA,PHA,1933
PHI,PHI,PHI,1933
PIT,PIT,PIT,1933
SLB,SLA,SLA,1933
STL,SLN,SLN,1933
WSH,WS1,WS1,1933
BOS,BOS,BOS,1934
BRO,BRO,BRO,1934
BSN,BSN,BSN,1934
CHW,CHA,CHA,1934
CHC,CHN,CHN,1934
CIN,CIN,CIN,1934
CLE,CLE,CLE,1934
DET,DET,DET,1934
NYG,NY1,NY1,1934
NYY,NYA,NYA,1934
PHA,PHA,PHA,1934
PHI,PHI,PHI,1934
PIT,PIT,PIT,1934
SLB,SLA,SLA,1934
STL,SLN,SLN,1934
WSH,WS1,WS1,1934
BOS,BOS,BOS,1935
BRO,BRO,BRO,1935
BSN,BSN,BSN,1935
CHW,CHA,CHA,1935
CHC,CHN,CHN,1935
CIN,CIN,CIN,1935
CLE,CLE,CLE,1935
DET,DET,DET,1935
NYG,NY1,NY1,1935
NYY,NYA,NYA,1935
PHA,PHA,PHA,1935
PHI,PHI,PHI,1935
PIT,PIT,PIT,1935
SLB,SLA,SLA,1935
STL,SLN,SLN,1935
WSH,WS1,WS1,1935
BOS,BOS,BOS,1936
BRO,BRO,BRO,1936
BSN,BSN,BSN,1936
CHW,CHA,CHA,1936
CHC,CHN,CHN,1936
CIN,CIN,CIN,1936
CLE,CLE,CLE,1936
DET,DET,DET,1936
NYG,NY1,NY1,1936
NYY,NYA,NYA,1936
PHA,PHA,PHA,1936
PHI,PHI,PHI,1936
PIT,PIT,PIT,1936
SLB,SLA,SLA,1936
STL,SLN,SLN,1936
WSH,WS1,WS1,1936
BOS,BOS,BOS,1937
BRO,BRO,BRO,1937
BSN,BSN,BSN,1937
CHW,CHA,CHA,1937
CHC,CHN,CHN,1937
CIN,CIN,CIN,1937
CLE,CLE,CLE,1937
DET,DET,DET,1937
NYG,NY1,NY1,1937
NYY,NYA,NYA,1937
PHA,PHA,PHA,1937
PHI,PHI,PHI,1937
PIT,PIT,PIT,1937
SLB,SLA,SLA,1937
STL,SLN,SLN,1937
WSH,WS1,WS1,1937
BOS,BOS,BOS,1938
BRO,BRO,BRO,1938
BSN,BSN,BSN,1938
CHW,CHA,CHA,1938
CHC,CHN,CHN,1938
CIN,CIN,CIN,1938
CLE,CLE,CLE,1938
DET,DET,DET,1938
NYG,NY1,NY1,1938
NYY,NYA,NYA,1938
PHA,PHA,PHA,1938
PHI,PHI,PHI,1938
PIT,PIT,PIT,1938
SLB,SLA,SLA,1938
STL,SLN,SLN,1938
WSH,WS1,WS1,1938
BOS,BOS,BOS,1939
BRO,BRO,BRO,1939
BSN,BSN,BSN,1939
CHW,CHA,CHA,1939
CHC,CHN,CHN,1939
CIN,CIN,CIN,1939
CLE,CLE,CLE,1939
DET,DET,DET,1939
NYG,NY1,NY1,1939
NYY,NYA,NYA,1939
PHA,PHA,PHA,1939
PHI,PHI,PHI,1939
PIT,PIT,PIT,1939
SLB,SLA,SLA,1939
STL,SLN,SLN,1939
WSH,WS1,WS1,1939
BOS,BOS,BOS,1940
BRO,BRO,BRO,1940
BSN,BSN,BSN,1940
CHW,CHA,CHA,1940
CHC,CHN,CHN,1940
CIN,CIN,CIN,1940
CLE,CLE,CLE,1940
DET,DET,DET,1940
NYG,NY1,NY1,1940
NYY,NYA,NYA,1940
PHA,PHA,PHA,1940
PHI,PHI,PHI,1940
PIT,PIT,PIT,1940
SLB,SLA,SLA,1940
STL,SLN,SLN,1940
WSH,WS1,WS1,1940
BOS,BOS,BOS,1941
BRO,BRO,BRO,1941
BSN,BSN,BSN,1941
CHW,CHA,CHA,1941
CHC,CHN,CHN,1941
CIN,CIN,CIN,1941
CLE,CLE,CLE,1941
DET,DET,DET,1941
NYG,NY1,NY1,1941
NYY,NYA,NYA,1941
PHA,PHA,PHA,1941
PHI,PHI,PHI,1941
PIT,PIT,PIT,1941
SLB,SLA,SLA,1941
STL,SLN,SLN,1941
WSH,WS1,WS1,1941
BOS,BOS,BOS,1942
BRO,BRO,BRO,1942
BSN,BSN,BSN,1942
CHW,CHA,CHA,1942
CHC,CHN,CHN,1942
CIN,CIN,CIN,1942
CLE,CLE,CLE,1942
DET,DET,DET,1942
NYG,NY1,NY1,1942
NYY,NYA,NYA,1942
PHA,PHA,PHA,1942
PHI,PHI,PHI,1942
PIT,PIT,PIT,1942
SLB,SLA,SLA,1942
STL,SLN,SLN,1942
WSH,WS1,WS1,1942
BOS,BOS,BOS,1943
BRO,BRO,BRO,1943
BSN,BSN,BSN,1943
CHW,CHA,CHA,1943
CHC,CHN,CHN,1943
CIN,CIN,CIN,1943
CLE,CLE,CLE,1943
DET,DET,DET,1943
NYG,NY1,NY1,1943
NYY,NYA,NYA,1943
PHA,PHA,PHA,1943
PHI,PHI,PHI,1943
PIT,PIT,PIT,1943
SLB,SLA,SLA,1943
STL,SLN,SLN,1943
WSH,WS1,WS1,1943
BOS,BOS,BOS,1944
BRO,BRO,BRO,1944
BSN,BSN,BSN,1944
CHW,CHA,CHA,1944
CHC,CHN,CHN,1944
CIN,CIN,CIN,1944
CLE,CLE,CLE,1944
DET,DET,DET,1944
NYG,NY1,NY1,1944
NYY,NYA,NYA,1944
PHA,PHA,PHA,1944
PHI,PHI,PHI,1944
PIT,PIT,PIT,1944
SLB,SLA,SLA,1944
STL,SLN,SLN,1944
WSH,WS1,WS1,1944
BOS,BOS,BOS,1945
BRO,BRO,BRO,1945
BSN,BSN,BSN,1945
CHW,CHA,CHA,1945
CHC,CHN,CHN,1945
CIN,CIN,CIN,1945
CLE,CLE,CLE,1945
DET,DET,DET,1945
NYG,NY1,NY1,1945
NYY,NYA,NYA,1945
PHA,PHA,PHA,1945
PHI,PHI,PHI,1945
PIT,PIT,PIT,1945
SLB,SLA,SLA,1945
STL,SLN,SLN,1945
WSH,WS1,WS1,1945
BOS,BOS,BOS,1946
BRO,BRO,BRO,1946
BSN,BSN,BSN,1946
CHW,CHA,CHA,1946
CHC,CHN,CHN,1946
CIN,CIN,CIN,1946
CLE,CLE,CLE,1946
DET,DET,DET,1946
NYG,NY1,NY1,1946
NYY,NYA,NYA,1946
PHA,PHA,PHA,1946
PHI,PHI,PHI,1946
PIT,PIT,PIT,1946
SLB,SLA,SLA,1946
STL,SLN,SLN,1946
WSH,WS1,WS1,1946
BOS,BOS,BOS,1947
BRO,BRO,BRO,1947
BSN,BSN,BSN,1947
CHW,CHA,CHA,1947
CHC,CHN,CHN,1947
CIN,CIN,CIN,1947
CLE,CLE,CLE,1947
DET,DET,DET,1947
NYG,NY1,NY1,1947
NYY,NYA,NYA,1947
PHA,PHA,PHA,1947
PHI,PHI,PHI,1947
PIT,PIT,PIT,1947
SLB,SLA,SLA,1947
STL,SLN,SLN,1947
WSH,WS1,WS1,1947
BOS,BOS,BOS,1948
BRO,BRO,BRO,1948
BSN,BSN,BSN,1948
CHW,CHA,CHA,1948
CHC,CHN,CHN,1948
CIN,CIN,CIN,1948
CLE,CLE,CLE,1948
DET,DET,DET,1948
NYG,NY1,NY1,1948
NYY,NYA,NYA,1948
PHA,PHA,PHA,1948
PHI,PHI,PHI,1948
PIT,PIT,PIT,1948
SLB,SLA,SLA,1948
STL,SLN,SLN,1948
WSH,WS1,WS1,1948
BOS,BOS,BOS,1949
BRO,BRO,BRO,1949
BSN,BSN,BSN,1949
CHW,CHA,CHA,1949
CHC,CHN,CHN,1949
CIN,CIN,CIN,1949
CLE,CLE,CLE,1949
DET,DET,DET,1949
NYG,NY1,NY1,1949
NYY,NYA,NYA,1949
PHA,PHA,PHA,1949
PHI,PHI,PHI,1949
PIT,PIT,PIT,1949
SLB,SLA,SLA,1949
STL,SLN,SLN,1949
WSH,WS1,WS1,1949
BOS,BOS,BOS,1950
BRO,BRO,BRO,1950
BSN,BSN,BSN,1950
CHW,CHA,CHA,1950
CHC,CHN,CHN,1950
CIN,CIN,CIN,1950
CLE,CLE,CLE,1950
DET,DET,DET,1950
NYG,NY1,NY1,1950
NYY,NYA,NYA,1950
PHA,PHA,PHA,1950
PHI,PHI,PHI,1950
PIT,PIT,PIT,1950
SLB,SLA,SLA,1950
STL,SLN,SLN,1950
WSH,WS1,WS1,1950
BOS,BOS,BOS,1951
BRO,BRO,BRO,1951
BSN,BSN,BSN,1951
CHW,CHA,CHA,1951
CHC,CHN,CHN,1951
CIN,CIN,CIN,1951
CLE,CLE,CLE,1951
DET,DET,DET,1951
NYG,NY1,NY1,1951
NYY,NYA,NYA,1951
PHA,PHA,PHA,1951
PHI,PHI,PHI,1951
PIT,PIT,PIT,1951
SLB,SLA,SLA,1951
STL,SLN,SLN,1951
WSH,WS1,WS1,1951
BOS,BOS,BOS,1952
BRO,BRO,BRO,1952
BSN,BSN,BSN,1952
CHW,CHA,CHA,1952
CHC,CHN,CHN,1952
CIN,CIN,CIN,1952
CLE,CLE,CLE,1952
DET,DET,DET,1952
NYG,NY1,NY1,1952
NYY,NYA,NYA,1952
PHA,PHA,PHA,1952
PHI,PHI,PHI,1952
PIT,PIT,PIT,1952
SLB,SLA,SLA,1952
STL,SLN,SLN,1952
WSH,WS1,WS1,1952
BOS,BOS,BOS,1953
BRO,BRO,BRO,1953
CHW,CHA,CHA,1953
CHC,CHN,CHN,1953
CIN,CIN,CIN,1953
CLE,CLE,CLE,1953
DET,DET,DET,1953
MLN,MLN,MLN,1953
NYG,NY1,NY1,1953
NYY,NYA,NYA,1953
PHA,PHA,PHA,1953
PHI,PHI,PHI,1953
PIT,PIT,PIT,1953
SLB,SLA,SLA,1953
STL,SLN,SLN,1953
WSH,WS1,WS1,1953
BAL,BAL,BAL,1954
BOS,BOS,BOS,1954
BRO,BRO,BRO,1954
CHW,CHA,CHA,1954
CHC,CHN,CHN,1954
CIN,CIN,CIN,1954
CLE,CLE,CLE,1954
DET,DET,DET,1954
MLN,MLN,MLN,1954
NYG,NY1,NY1,1954
NYY,NYA,NYA,1954
PHA,PHA,PHA,1954
PHI,PHI,PHI,1954
PIT,PIT,PIT,1954
STL,SLN,SLN,1954
WSH,WS1,WS1,1954
BAL,BAL,BAL,1955
BOS,BOS,BOS,1955
BRO,BRO,BRO,1955
CHW,CHA,CHA,1955
CHC,CHN,CHN,1955
CIN,CIN,CIN,1955
CLE,CLE,CLE,1955
DET,DET,DET,1955
KCA,KC1,KC1,1955
MLN,MLN,MLN,1955
NYG,NY1,NY1,1955
NYY,NYA,NYA,1955
PHI,PHI,PHI,1955
PIT,PIT,PIT,1955
STL,SLN,SLN,1955
WSH,WS1,WS1,1955
BAL,BAL,BAL,1956
BOS,BOS,BOS,1956
BRO,BRO,BRO,1956
CHW,CHA,CHA,1956
CHC,CHN,CHN,1956
CIN,CIN,CIN,1956
CLE,CLE,CLE,1956
DET,DET,DET,1956
KCA,KC1,KC1,1956
MLN,MLN,MLN,1956
NYG,NY1,NY1,1956
NYY,NYA,NYA,1956
PHI,PHI,PHI,1956
PIT,PIT,PIT,1956
STL,SLN,SLN,1956
WSH,WS1,WS1,1956
BAL,BAL,BAL,1957
BOS,BOS,BOS,1957
BRO,BRO,BRO,1957
CHW,CHA,CHA,1957
CHC,CHN,CHN,1957
CIN,CIN,CIN,1957
CLE,CLE,CLE,1957
DET,DET,DET,1957
KCA,KC1,KC1,1957
MLN,MLN,MLN,1957
NYG,NY1,NY1,1957
NYY,NYA,NYA,1957
PHI,PHI,PHI,1957
PIT,PIT,PIT,1957
STL,SLN,SLN,1957
WSH,WS1,WS1,1957
BAL,BAL,BAL,1958
BOS,BOS,BOS,1958
CHW,CHA,CHA,1958
CHC,CHN,CHN,1958
CIN,CIN,CIN,1958
CLE,CLE,CLE,1958
DET,DET,DET,1958
KCA,KC1,KC1,1958
LAD,LAN,LAN,1958
MLN,MLN,MLN,1958
NYY,NYA,NYA,1958
PHI,PHI,PHI,1958
PIT,PIT,PIT,1958
SFG,SFN,SFN,1958
STL,SLN,SLN,1958
WSH,WS1,WS1,1958
BAL,BAL,BAL,1959
BOS,BOS,BOS,1959
CHW,CHA,CHA,1959
CHC,CHN,CHN,1959
CIN,CIN,CIN,1959
CLE,CLE,CLE,1959
DET,DET,DET,1959
KCA,KC1,KC1,1959
LAD,LAN,LAN,1959
MLN,MLN,MLN,1959
NYY,NYA,NYA,1959
PHI,PHI,PHI,1959
PIT,PIT,PIT,1959
SFG,SFN,SFN,1959
STL,SLN,SLN,1959
WSH,WS1,WS1,1959
BAL,BAL,BAL,1960
BOS,BOS,BOS,1960
CHW,CHA,CHA,1960
CHC,CHN,CHN,1960
CIN,CIN,CIN,1960
CLE,CLE,CLE,1960
DET,DET,DET,1960
KCA,KC1,KC1,1960
LAD,LAN,LAN,1960
MLN,MLN,MLN,1960
NYY,NYA,NYA,1960
PHI,PHI,PHI,1960
PIT,PIT,PIT,1960
SFG,SFN,SFN,1960
STL,SLN,SLN,1960
WSH,WS1,WS1,1960
BAL,BAL,BAL,1961
BOS,BOS,BOS,1961
CHW,CHA,CHA,1961
CHC,CHN,CHN,1961
CIN,CIN,CIN,1961
CLE,CLE,CLE,1961
DET,DET,DET,1961
KCA,KC1,KC1,1961
LAA,LAA,LAA,1961
LAD,LAN,LAN,1961
MIN,MIN,MIN,1961
MLN,MLN,MLN,1961
NYY,NYA,NYA,1961
PHI,PHI,PHI,1961
PIT,PIT,PIT,1961
SFG,SFN,SFN,1961
STL,SLN,SLN,1961
WSA,WS2,WS2,1961
BAL,BAL,BAL,1962
BOS,BOS,BOS,1962
CHW,CHA,CHA,1962
CHC,CHN,CHN,1962
CIN,CIN,CIN,1962
CLE,CLE,CLE,1962
DET,DET,DET,1962
HOU,HOU,HOU,1962
KCA,KC1,KC1,1962
LAA,LAA,LAA,1962
LAD,LAN,LAN,1962
MIN,MIN,MIN,1962
MLN,MLN,MLN,1962
NYY,NYA,NYA,1962
NYM,NYN,NYN,1962
PHI,PHI,PHI,1962
PIT,PIT,PIT,1962
SFG,SFN,SFN,1962
STL,SLN,SLN,1962
WSA,WS2,WS2,1962
BAL,BAL,BAL,1963
BOS,BOS,BOS,1963
CHW,CHA,CHA,1963
CHC,CHN,CHN,1963
CIN,CIN,CIN,1963
CLE,CLE,CLE,1963
DET,DET,DET,1963
HOU,HOU,HOU,1963
KCA,KC1,KC1,1963
LAA,LAA,LAA,1963
LAD,LAN,LAN,1963
MIN,MIN,MIN,1963
MLN,MLN,MLN,1963
NYY,NYA,NYA,1963
NYM,NYN,NYN,1963
PHI,PHI,PHI,1963
PIT,PIT,PIT,1963
SFG,SFN,SFN,1963
STL,SLN,SLN,1963
WSA,WS2,WS2,1963
BAL,BAL,BAL,1964
BOS,BOS,BOS,1964
CHW,CHA,CHA,1964
CHC,CHN,CHN,1964
CIN,CIN,CIN,1964
CLE,CLE,CLE,1964
DET,DET,DET,1964
HOU,HOU,HOU,1964
KCA,KC1,KC1,1964
LAA,LAA,LAA,1964
LAD,LAN,LAN,1964
MIN,MIN,MIN,1964
MLN,MLN,MLN,1964
NYY,NYA,NYA,1964
NYM,NYN,NYN,1964
PHI,PHI,PHI,1964
PIT,PIT,PIT,1964
SFG,SFN,SFN,1964
STL,SLN,SLN,1964
WSA,WS2,WS2,1964
BAL,BAL,BAL,1965
BOS,BOS,BOS,1965
CAL,CAL,CAL,1965
CHW,CHA,CHA,1965
CHC,CHN,CHN,1965
CIN,CIN,CIN,1965
CLE,CLE,CLE,1965
DET,DET,DET,1965
HOU,HOU,HOU,1965
KCA,KC1,KC1,1965
LAD,LAN,LAN,1965
MIN,MIN,MIN,1965
MLN,MLN,MLN,1965
NYY,NYA,NYA,1965
NYM,NYN,NYN,1965
PHI,PHI,PHI,1965
PIT,PIT,PIT,1965
SFG,SFN,SFN,1965
STL,SLN,SLN,1965
WSA,WS2,WS2,1965
ATL,ATL,ATL,1966
BAL,BAL,BAL,1966
BOS,BOS,BOS,1966
CAL,CAL,CAL,1966
CHW,CHA,CHA,1966
CHC,CHN,CHN,1966
CIN,CIN,CIN,1966
CLE,CLE,CLE,1966
DET,DET,DET,1966
HOU,HOU,HOU,1966
KCA,KC1,KC1,1966
LAD,LAN,LAN,1966
MIN,MIN,MIN,1966
NYY,NYA,NYA,1966
NYM,NYN,NYN,1966
PHI,PHI,PHI,1966
PIT,PIT,PIT,1966
SFG,SFN,SFN,1966
STL,SLN,SLN,1966
WSA,WS2,WS2,1966
ATL,ATL,ATL,1967
BAL,BAL,BAL,1967
BOS,BOS,BOS,1967
CAL,CAL,CAL,1967
CHW,CHA,CHA,1967
CHC,CHN,CHN,1967
CIN,CIN,CIN,1967
CLE,CLE,CLE,1967
DET,DET,DET,1967
HOU,HOU,HOU,1967
KCA,KC1,KC1,1967
LAD,LAN,LAN,1967
MIN,MIN,MIN,1967
NYY,NYA,NYA,1967
NYM,NYN,NYN,1967
PHI,PHI,PHI,1967
PIT,PIT,PIT,1967
SFG,SFN,SFN,1967
STL,SLN,SLN,1967
WSA,WS2,WS2,1967
ATL,ATL,ATL,1968
BAL,BAL,BAL,1968
BOS,BOS,BOS,1968
CAL,CAL,CAL,1968
CHW,CHA,CHA,1968
CHC,CHN,CHN,1968
CIN,CIN,CIN,1968
CLE,CLE,CLE,1968
DET,DET,DET,1968
HOU,HOU,HOU,1968
LAD,LAN,LAN,1968
MIN,MIN,MIN,1968
NYY,NYA,NYA,1968
NYM,NYN,NYN,1968
OAK,OAK,OAK,1968
PHI,PHI,PHI,1968
PIT,PIT,PIT,1968
SFG,SFN,SFN,1968
STL,SLN,SLN,1968
WSA,WS2,WS2,1968
ATL,ATL,ATL,1969
BAL,BAL,BAL,1969
BOS,BOS,BOS,1969
CAL,CAL,CAL,1969
CHW,CHA,CHA,1969
CHC,CHN,CHN,1969
CIN,CIN,CIN,1969
CLE,CLE,CLE,1969
DET,DET,DET,1969
HOU,HOU,HOU,1969
KCR,KCA,KCA,1969
LAD,LAN,LAN,1969
MIN,MIN,MIN,1969
MON,MON,MON,1969
NYY,NYA,NYA,1969
NYM,NYN,NYN,1969
OAK,OAK,OAK,1969
PHI,PHI,PHI,1969
PIT,PIT,PIT,1969
SDP,SDN,SDN,1969
SEP,SE1,SE1,1969
SFG,SFN,SFN,1969
STL,SLN,SLN,1969
WSA,WS2,WS2,1969
ATL,ATL,ATL,1970
BAL,BAL,BAL,1970
BOS,BOS,BOS,1970
CAL,CAL,CAL,1970
CHW,CHA,CHA,1970
CHC,CHN,CHN,1970
CIN,CIN,CIN,1970
CLE,CLE,CLE,1970
DET,DET,DET,1970
HOU,HOU,HOU,1970
KCR,KCA,KCA,1970
LAD,LAN,LAN,1970
MIN,MIN,MIN,1970
MIL,MIL,MIL,1970
MON,MON,MON,1970
NYY,NYA,NYA,1970
NYM,NYN,NYN,1970
OAK,OAK,OAK,1970
PHI,PHI,PHI,1970
PIT,PIT,PIT,1970
SDP,SDN,SDN,1970
SFG,SFN,SFN,1970
STL,SLN,SLN,1970
WSA,WS2,WS2,1970
ATL,ATL,ATL,1971
BAL,BAL,BAL,1971
BOS,BOS,BOS,1971
CAL,CAL,CAL,1971
CHW,CHA,CHA,1971
CHC,CHN,CHN,1971
CIN,CIN,CIN,1971
CLE,CLE,CLE,1971
DET,DET,DET,1971
HOU,HOU,HOU,1971
KCR,KCA,KCA,1971
LAD,LAN,LAN,1971
MIN,MIN,MIN,1971
MIL,MIL,MIL,1971
MON,MON,MON,1971
NYY,NYA,NYA,1971
NYM,NYN,NYN,1971
OAK,OAK,OAK,1971
PHI,PHI,PHI,1971
PIT,PIT,PIT,1971
SDP,SDN,SDN,1971
SFG,SFN,SFN,1971
STL,SLN,SLN,1971
WSA,WS2,WS2,1971
ATL,ATL,ATL,1972
BAL,BAL,BAL,1972
BOS,BOS,BOS,1972
CAL,CAL,CAL,1972
CHW,CHA,CHA,1972
CHC,CHN,CHN,1972
CIN,CIN,CIN,1972
CLE,CLE,CLE,1972
DET,DET,DET,1972
HOU,HOU,HOU,1972
KCR,KCA,KCA,1972
LAD,LAN,LAN,1972
MIN,MIN,MIN,1972
MIL,MIL,MIL,1972
MON,MON,MON,1972
NYY,NYA,NYA,1972
NYM,NYN,NYN,1972
OAK,OAK,OAK,1972
PHI,PHI,PHI,1972
PIT,PIT,PIT,1972
SDP,SDN,SDN,1972
SFG,SFN,SFN,1972
STL,SLN,SLN,1972
TEX,TEX,TEX,1972
ATL,ATL,ATL,1973
BAL,BAL,BAL,1973
BOS,BOS,BOS,1973
CAL,CAL,CAL,1973
CHW,CHA,CHA,1973
CHC,CHN,CHN,1973
CIN,CIN,CIN,1973
CLE,CLE,CLE,1973
DET,DET,DET,1973
HOU,HOU,HOU,1973
KCR,KCA,KCA,1973
LAD,LAN,LAN,1973
MIN,MIN,MIN,1973
MIL,MIL,MIL,1973
MON,MON,MON,1973
NYY,NYA,NYA,1973
NYM,NYN,NYN,1973
OAK,OAK,OAK,1973
PHI,PHI,PHI,1973
PIT,PIT,PIT,1973
SDP,SDN,SDN,1973
SFG,SFN,SFN,1973
STL,SLN,SLN,1973
TEX,TEX,TEX,1973
ATL,ATL,ATL,1974
BAL,BAL,BAL,1974
BOS,BOS,BOS,1974
CAL,CAL,CAL,1974
CHW,CHA,CHA,1974
CHC,CHN,CHN,1974
CIN,CIN,CIN,1974
CLE,CLE,CLE,1974
DET,DET,DET,1974
HOU,HOU,HOU,1974
KCR,KCA,KCA,1974
LAD,LAN,LAN,1974
MIN,MIN,MIN,1974
MIL,MIL,MIL,1974
MON,MON,MON,1974
NYY,NYA,NYA,1974
NYM,NYN,NYN,1974
OAK,OAK,OAK,1974
PHI,PHI,PHI,1974
PIT,PIT,PIT,1974
SDP,SDN,SDN,1974
SFG,SFN,SFN,1974
STL,SLN,SLN,1974
TEX,TEX,TEX,1974
ATL,ATL,ATL,1975
BAL,BAL,BAL,1975
BOS,BOS,BOS,1975
CAL,CAL,CAL,1975
CHW,CHA,CHA,1975
CHC,CHN,CHN,1975
CIN,CIN,CIN,1975
CLE,CLE,CLE,1975
DET,DET,DET,1975
HOU,HOU,HOU,1975
KCR,KCA,KCA,1975
LAD,LAN,LAN,1975
MIN,MIN,MIN,1975
MIL,MIL,MIL,1975
MON,MON,MON,1975
NYY,NYA,NYA,1975
NYM,NYN,NYN,1975
OAK,OAK,OAK,1975
PHI,PHI,PHI,1975
PIT,PIT,PIT,1975
SDP,SDN,SDN,1975
SFG,SFN,SFN,1975
STL,SLN,SLN,1975
TEX,TEX,TEX,1975
ATL,ATL,ATL,1976
BAL,BAL,BAL,1976
BOS,BOS,BOS,1976
CAL,CAL,CAL,1976
CHW,CHA,CHA,1976
CHC,CHN,CHN,1976
CIN,CIN,CIN,1976
CLE,CLE,CLE,1976
DET,DET,DET,1976
HOU,HOU,HOU,1976
KCR,KCA,KCA,1976
LAD,LAN,LAN,1976
MIN,MIN,MIN,1976
MIL,MIL,MIL,1976
MON,MON,MON,1976
NYY,NYA,NYA,1976
NYM,NYN,NYN,1976
OAK,OAK,OAK,1976
PHI,PHI,PHI,1976
PIT,PIT,PIT,1976
SDP,SDN,SDN,1976
SFG,SFN,SFN,1976
STL,SLN,SLN,1976
TEX,TEX,TEX,1976
ATL,ATL,ATL,1977
BAL,BAL,BAL,1977
BOS,BOS,BOS,1977
CAL,CAL,CAL,1977
CHW,CHA,CHA,1977
CHC,CHN,CHN,1977
CIN,CIN,CIN,1977
CLE,CLE,CLE,1977
DET,DET,DET,1977
HOU,HOU,HOU,1977
KCR,KCA,KCA,1977
LAD,LAN,LAN,1977
MIN,MIN,MIN,1977
MIL,MIL,MIL,1977
MON,MON,MON,1977
NYY,NYA,NYA,1977
NYM,NYN,NYN,1977
OAK,OAK,OAK,1977
PHI,PHI,PHI,1977
PIT,PIT,PIT,1977
SDP,SDN,SDN,1977
SEA,SEA,SEA,1977
SFG,SFN,SFN,1977
STL,SLN,SLN,1977
TEX,TEX,TEX,1977
TOR,TOR,TOR,1977
ATL,ATL,ATL,1978
BAL,BAL,BAL,1978
BOS,BOS,BOS,1978
CAL,CAL,CAL,1978
CHW,CHA,CHA,1978
CHC,CHN,CHN,1978
CIN,CIN,CIN,1978
CLE,CLE,CLE,1978
DET,DET,DET,1978
HOU,HOU,HOU,1978
KCR,KCA,KCA,1978
LAD,LAN,LAN,1978
MIN,MIN,MIN,1978
MIL,MIL,MIL,1978
MON,MON,MON,1978
NYY,NYA,NYA,1978
NYM,NYN,NYN,1978
OAK,OAK,OAK,1978
PHI,PHI,PHI,1978
PIT,PIT,PIT,1978
SDP,SDN,SDN,1978
SEA,SEA,SEA,1978
SFG,SFN,SFN,1978
STL,SLN,SLN,1978
TEX,TEX,TEX,1978
TOR,TOR,TOR,1978
ATL,ATL,ATL,1979
BAL,BAL,BAL,1979
BOS,BOS,BOS,1979
CAL,CAL,CAL,1979
CHW,CHA,CHA,1979
CHC,CHN,CHN,1979
CIN,CIN,CIN,1979
CLE,CLE,CLE,1979
DET,DET,DET,1979
HOU,HOU,HOU,1979
KCR,KCA,KCA,1979
LAD,LAN,LAN,1979
MIN,MIN,MIN,1979
MIL,MIL,MIL,1979
MON,MON,MON,1979
NYY,NYA,NYA,1979
NYM,NYN,NYN,1979
OAK,OAK,OAK,1979
PHI,PHI,PHI,1979
PIT,PIT,PIT,1979
SDP,SDN,SDN,1979
SEA,SEA,SEA,1979
SFG,SFN,SFN,1979
STL,SLN,SLN,1979
TEX,TEX,TEX,1979
TOR,TOR,TOR,1979
ATL,ATL,ATL,1980
BAL,BAL,BAL,1980
BOS,BOS,BOS,1980
CAL,CAL,CAL,1980
CHW,CHA,CHA,1980
CHC,CHN,CHN,1980
CIN,CIN,CIN,1980
CLE,CLE,CLE,1980
DET,DET,DET,1980
HOU,HOU,HOU,1980
KCR,KCA,KCA,1980
LAD,LAN,LAN,1980
MIN,MIN,MIN,1980
MIL,MIL,MIL,1980
MON,MON,MON,1980
NYY,NYA,NYA,1980
NYM,NYN,NYN,1980
OAK,OAK,OAK,1980
PHI,PHI,PHI,1980
PIT,PIT,PIT,1980
SDP,SDN,SDN,1980
SEA,SEA,SEA,1980
SFG,SFN,SFN,1980
STL,SLN,SLN,1980
TEX,TEX,TEX,1980
TOR,TOR,TOR,1980
ATL,ATL,ATL,1981
BAL,BAL,BAL,1981
BOS,BOS,BOS,1981
CAL,CAL,CAL,1981
CHW,CHA,CHA,1981
CHC,CHN,CHN,1981
CIN,CIN,CIN,1981
CLE,CLE,CLE,1981
DET,DET,DET,1981
HOU,HOU,HOU,1981
KCR,KCA,KCA,1981
LAD,LAN,LAN,1981
MIN,MIN,MIN,1981
MIL,MIL,MIL,1981
MON,MON,MON,1981
NYY,NYA,NYA,1981
NYM,NYN,NYN,1981
OAK,OAK,OAK,1981
PHI,PHI,PHI,1981
PIT,PIT,PIT,1981
SDP,SDN,SDN,1981
SEA,SEA,SEA,1981
SFG,SFN,SFN,1981
STL,SLN,SLN,1981
TEX,TEX,TEX,1981
TOR,TOR,TOR,1981
ATL,ATL,ATL,1982
BAL,BAL,BAL,1982
BOS,BOS,BOS,1982
CAL,CAL,CAL,1982
CHW,CHA,CHA,1982
CHC,CHN,CHN,1982
CIN,CIN,CIN,1982
CLE,CLE,CLE,1982
DET,DET,DET,1982
HOU,HOU,HOU,1982
KCR,KCA,KCA,1982
LAD,LAN,LAN,1982
MIN,MIN,MIN,1982
MIL,MIL,MIL,1982
MON,MON,MON,1982
NYY,NYA,NYA,1982
NYM,NYN,NYN,1982
OAK,OAK,OAK,1982
PHI,PHI,PHI,1982
PIT,PIT,PIT,1982
SDP,SDN,SDN,1982
SEA,SEA,SEA,1982
SFG,SFN,SFN,1982
STL,SLN,SLN,1982
TEX,TEX,TEX,1982
TOR,TOR,TOR,1982
ATL,ATL,ATL,1983
BAL,BAL,BAL,1983
BOS,BOS,BOS,1983
CAL,CAL,CAL,1983
CHW,CHA,CHA,1983
CHC,CHN,CHN,1983
CIN,CIN,CIN,1983
CLE,CLE,CLE,1983
DET,DET,DET,1983
HOU,HOU,HOU,1983
KCR,KCA,KCA,1983
LAD,LAN,LAN,1983
MIN,MIN,MIN,1983
MIL,MIL,MIL,1983
MON,MON,MON,1983
NYY,NYA,NYA,1983
NYM,NYN,NYN,1983
OAK,OAK,OAK,1983
PHI,PHI,PHI,1983
PIT,PIT,PIT,1983
SDP,SDN,SDN,1983
SEA,SEA,SEA,1983
SFG,SFN,SFN,1983
STL,SLN,SLN,1983
TEX,TEX,TEX,1983
TOR,TOR,TOR,1983
ATL,ATL,ATL,1984
BAL,BAL,BAL,1984
BOS,BOS,BOS,1984
CAL,CAL,CAL,1984
CHW,CHA,CHA,1984
CHC,CHN,CHN,1984
CIN,CIN,CIN,1984
CLE,CLE,CLE,1984
DET,DET,DET,1984
HOU,HOU,HOU,1984
KCR,KCA,KCA,1984
LAD,LAN,LAN,1984
MIN,MIN,MIN,1984
MIL,MIL,MIL,1984
MON,MON,MON,1984
NYY,NYA,NYA,1984
NYM,NYN,NYN,1984
OAK,OAK,OAK,1984
PHI,PHI,PHI,1984
PIT,PIT,PIT,1984
SDP,SDN,SDN,1984
SEA,SEA,SEA,1984
SFG,SFN,SFN,1984
STL,SLN,SLN,1984
TEX,TEX,TEX,1984
TOR,TOR,TOR,1984
ATL,ATL,ATL,1985
BAL,BAL,BAL,1985
BOS,BOS,BOS,1985
CAL,CAL,CAL,1985
CHW,CHA,CHA,1985
CHC,CHN,CHN,1985
CIN,CIN,CIN,1985
CLE,CLE,CLE,1985
DET,DET,DET,1985
HOU,HOU,HOU,1985
KCR,KCA,KCA,1985
LAD,LAN,LAN,1985
MIN,MIN,MIN,1985
MIL,MIL,MIL,1985
MON,MON,MON,1985
NYY,NYA,NYA,1985
NYM,NYN,NYN,1985
OAK,OAK,OAK,1985
PHI,PHI,PHI,1985
PIT,PIT,PIT,1985
SDP,SDN,SDN,1985
SEA,SEA,SEA,1985
SFG,SFN,SFN,1985
STL,SLN,SLN,1985
TEX,TEX,TEX,1985
TOR,TOR,TOR,1985
ATL,ATL,ATL,1986
BAL,BAL,BAL,1986
BOS,BOS,BOS,1986
CAL,CAL,CAL,1986
CHW,CHA,CHA,1986
CHC,CHN,CHN,1986
CIN,CIN,CIN,1986
CLE,CLE,CLE,1986
DET,DET,DET,1986
HOU,HOU,HOU,1986
KCR,KCA,KCA,1986
LAD,LAN,LAN,1986
MIN,MIN,MIN,1986
MIL,MIL,MIL,1986
MON,MON,MON,1986
NYY,NYA,NYA,1986
NYM,NYN,NYN,1986
OAK,OAK,OAK,1986
PHI,PHI,PHI,1986
PIT,PIT,PIT,1986
SDP,SDN,SDN,1986
SEA,SEA,SEA,1986
SFG,SFN,SFN,1986
STL,SLN,SLN,1986
TEX,TEX,TEX,1986
TOR,TOR,TOR,1986
ATL,ATL,ATL,1987
BAL,BAL,BAL,1987
BOS,BOS,BOS,1987
CAL,CAL,CAL,1987
CHW,CHA,CHA,1987
CHC,CHN,CHN,1987
CIN,CIN,CIN,1987
CLE,CLE,CLE,1987
DET,DET,DET,1987
HOU,HOU,HOU,1987
KCR,KCA,KCA,1987
LAD,LAN,LAN,1987
MIN,MIN,MIN,1987
MIL,MIL,MIL,1987
MON,MON,MON,1987
NYY,NYA,NYA,1987
NYM,NYN,NYN,1987
OAK,OAK,OAK,1987
PHI,PHI,PHI,1987
PIT,PIT,PIT,1987
SDP,SDN,SDN,1987
SEA,SEA,SEA,1987
SFG,SFN,SFN,1987
STL,SLN,SLN,1987
TEX,TEX,TEX,1987
TOR,TOR,TOR,1987
ATL,ATL,ATL,1988
BAL,BAL,BAL,1988
BOS,BOS,BOS,1988
CAL,CAL,CAL,1988
CHW,CHA,CHA,1988
CHC,CHN,CHN,1988
CIN,CIN,CIN,1988
CLE,CLE,CLE,1988
DET,DET,DET,1988
HOU,HOU,HOU,1988
KCR,KCA,KCA,1988
LAD,LAN,LAN,1988
MIN,MIN,MIN,1988
MIL,MIL,MIL,1988
MON,MON,MON,1988
NYY,NYA,NYA,1988
NYM,NYN,NYN,1988
OAK,OAK,OAK,1988
PHI,PHI,PHI,1988
PIT,PIT,PIT,1988
SDP,SDN,SDN,1988
SEA,SEA,SEA,1988
SFG,SFN,SFN,1988
STL,SLN,SLN,1988
TEX,TEX,TEX,1988
TOR,TOR,TOR,1988
ATL,ATL,ATL,1989
BAL,BAL,BAL,1989
BOS,BOS,BOS,1989
CAL,CAL,CAL,1989
CHW,CHA,CHA,1989
CHC,CHN,CHN,1989
CIN,CIN,CIN,1989
CLE,CLE,CLE,1989
DET,DET,DET,1989
HOU,HOU,HOU,1989
KCR,KCA,KCA,1989
LAD,LAN,LAN,1989
MIN,MIN,MIN,1989
MIL,MIL,MIL,1989
MON,MON,MON,1989
NYY,NYA,NYA,1989
NYM,NYN,NYN,1989
OAK,OAK,OAK,1989
PHI,PHI,PHI,1989
PIT,PIT,PIT,1989
SDP,SDN,SDN,1989
SEA,SEA,SEA,1989
SFG,SFN,SFN,1989
STL,SLN,SLN,1989
TEX,TEX,TEX,1989
TOR,TOR,TOR,1989
ATL,ATL,ATL,1990
BAL,BAL,BAL,1990
BOS,BOS,BOS,1990
CAL,CAL,CAL,1990
CHW,CHA,CHA,1990
CHC,CHN,CHN,1990
CIN,CIN,CIN,1990
CLE,CLE,CLE,1990
DET,DET,DET,1990
HOU,HOU,HOU,1990
KCR,KCA,KCA,1990
LAD,LAN,LAN,1990
MIN,MIN,MIN,1990
MIL,MIL,MIL,1990
MON,MON,MON,1990
NYY,NYA,NYA,1990
NYM,NYN,NYN,1990
OAK,OAK,OAK,1990
PHI,PHI,PHI,1990
PIT,PIT,PIT,1990
SDP,SDN,SDN,1990
SEA,SEA,SEA,1990
SFG,SFN,SFN,1990
STL,SLN,SLN,1990
TEX,TEX,TEX,1990
TOR,TOR,TOR,1990
ATL,ATL,ATL,1991
BAL,BAL,BAL,1991
BOS,BOS,BOS,1991
CAL,CAL,CAL,1991
CHW,CHA,CHA,1991
CHC,CHN,CHN,1991
CIN,CIN,CIN,1991
CLE,CLE,CLE,1991
DET,DET,DET,1991
HOU,HOU,HOU,1991
KCR,KCA,KCA,1991
LAD,LAN,LAN,1991
MIN,MIN,MIN,1991
MIL,MIL,MIL,1991
MON,MON,MON,1991
NYY,NYA,NYA,1991
NYM,NYN,NYN,1991
OAK,OAK,OAK,1991
PHI,PHI,PHI,1991
PIT,PIT,PIT,1991
SDP,SDN,SDN,1991
SEA,SEA,SEA,1991
SFG,SFN,SFN,1991
STL,SLN,SLN,1991
TEX,TEX,TEX,1991
TOR,TOR,TOR,1991
ATL,ATL,ATL,1992
BAL,BAL,BAL,1992
BOS,BOS,BOS,1992
CAL,CAL,CAL,1992
CHW,CHA,CHA,1992
CHC,CHN,CHN,1992
CIN,CIN,CIN,1992
CLE,CLE,CLE,1992
DET,DET,DET,1992
HOU,HOU,HOU,1992
KCR,KCA,KCA,1992
LAD,LAN,LAN,1992
MIN,MIN,MIN,1992
MIL,MIL,MIL,1992
MON,MON,MON,1992
NYY,NYA,NYA,1992
NYM,NYN,NYN,1992
OAK,OAK,OAK,1992
PHI,PHI,PHI,1992
PIT,PIT,PIT,1992
SDP,SDN,SDN,1992
SEA,SEA,SEA,1992
SFG,SFN,SFN,1992
STL,SLN,SLN,1992
TEX,TEX,TEX,1992
TOR,TOR,TOR,1992
ATL,ATL,ATL,1993
BAL,BAL,BAL,1993
BOS,BOS,BOS,1993
CAL,CAL,CAL,1993
CHW,CHA,CHA,1993
CHC,CHN,CHN,1993
CIN,CIN,CIN,1993
CLE,CLE,CLE,1993
COL,COL,COL,1993
DET,DET,DET,1993
FLA,FLO,FLO,1993
HOU,HOU,HOU,1993
KCR,KCA,KCA,1993
LAD,LAN,LAN,1993
MIN,MIN,MIN,1993
MIL,MIL,MIL,1993
MON,MON,MON,1993
NYY,NYA,NYA,1993
NYM,NYN,NYN,1993
OAK,OAK,OAK,1993
PHI,PHI,PHI,1993
PIT,PIT,PIT,1993
SDP,SDN,SDN,1993
SEA,SEA,SEA,1993
SFG,SFN,SFN,1993
STL,SLN,SLN,1993
TEX,TEX,TEX,1993
TOR,TOR,TOR,1993
ATL,ATL,ATL,1994
BAL,BAL,BAL,1994
BOS,BOS,BOS,1994
CAL,CAL,CAL,1994
CHW,CHA,CHA,1994
CHC,CHN,CHN,1994
CIN,CIN,CIN,1994
CLE,CLE,CLE,1994
COL,COL,COL,1994
DET,DET,DET,1994
FLA,FLO,FLO,1994
HOU,HOU,HOU,1994
KCR,KCA,KCA,1994
LAD,LAN,LAN,1994
MIN,MIN,MIN,1994
MIL,MIL,MIL,1994
MON,MON,MON,1994
NYY,NYA,NYA,1994
NYM,NYN,NYN,1994
OAK,OAK,OAK,1994
PHI,PHI,PHI,1994
PIT,PIT,PIT,1994
SDP,SDN,SDN,1994
SEA,SEA,SEA,1994
SFG,SFN,SFN,1994
STL,SLN,SLN,1994
TEX,TEX,TEX,1994
TOR,TOR,TOR,1994
ATL,ATL,ATL,1995
BAL,BAL,BAL,1995
BOS,BOS,BOS,1995
CAL,CAL,CAL,1995
CHW,CHA,CHA,1995
CHC,CHN,CHN,1995
CIN,CIN,CIN,1995
CLE,CLE,CLE,1995
COL,COL,COL,1995
DET,DET,DET,1995
FLA,FLO,FLO,1995
HOU,HOU,HOU,1995
KCR,KCA,KCA,1995
LAD,LAN,LAN,1995
MIN,MIN,MIN,1995
MIL,MIL,MIL,1995
MON,MON,MON,1995
NYY,NYA,NYA,1995
NYM,NYN,NYN,1995
OAK,OAK,OAK,1995
PHI,PHI,PHI,1995
PIT,PIT,PIT,1995
SDP,SDN,SDN,1995
SEA,SEA,SEA,1995
SFG,SFN,SFN,1995
STL,SLN,SLN,1995
TEX,TEX,TEX,1995
TOR,TOR,TOR,1995
ATL,ATL,ATL,1996
BAL,BAL,BAL,1996
BOS,BOS,BOS,1996
CAL,CAL,CAL,1996
CHW,CHA,CHA,1996
CHC,CHN,CHN,1996
CIN,CIN,CIN,1996
CLE,CLE,CLE,1996
COL,COL,COL,1996
DET,DET,DET,1996
FLA,FLO,FLO,1996
HOU,HOU,HOU,1996
KCR,KCA,KCA,1996
LAD,LAN,LAN,1996
MIN,MIN,MIN,1996
MIL,MIL,MIL,1996
MON,MON,MON,1996
NYY,NYA,NYA,1996
NYM,NYN,NYN,1996
OAK,OAK,OAK,1996
PHI,PHI,PHI,1996
PIT,PIT,PIT,1996
SDP,SDN,SDN,1996
SEA,SEA,SEA,1996
SFG,SFN,SFN,1996
STL,SLN,SLN,1996
TEX,TEX,TEX,1996
TOR,TOR,TOR,1996
ANA,ANA,ANA,1997
ATL,ATL,ATL,1997
BAL,BAL,BAL,1997
BOS,BOS,BOS,1997
CHW,CHA,CHA,1997
CHC,CHN,CHN,1997
CIN,CIN,CIN,1997
CLE,CLE,CLE,1997
COL,COL,COL,1997
DET,DET,DET,1997
FLA,FLO,FLO,1997
HOU,HOU,HOU,1997
KCR,KCA,KCA,1997
LAD,LAN,LAN,1997
MIN,MIN,MIN,1997
MIL,MIL,MIL,1997
MON,MON,MON,1997
NYY,NYA,NYA,1997
NYM,NYN,NYN,1997
OAK,OAK,OAK,1997
PHI,PHI,PHI,1997
PIT,PIT,PIT,1997
SDP,SDN,SDN,1997
SEA,SEA,SEA,1997
SFG,SFN,SFN,1997
STL,SLN,SLN,1997
TEX,TEX,TEX,1997
TOR,TOR,TOR,1997
ANA,ANA,ANA,1998
ARI,ARI,ARI,1998
ATL,ATL,ATL,1998
BAL,BAL,BAL,1998
BOS,BOS,BOS,1998
CHW,CHA,CHA,1998
CHC,CHN,CHN,1998
CIN,CIN,CIN,1998
CLE,CLE,CLE,1998
COL,COL,COL,1998
DET,DET,DET,1998
FLA,FLO,FLO,1998
HOU,HOU,HOU,1998
KCR,KCA,KCA,1998
LAD,LAN,LAN,1998
MIL,ML4,MIL,1998
MIN,MIN,MIN,1998
MON,MON,MON,1998
NYY,NYA,NYA,1998
NYM,NYN,NYN,1998
OAK,OAK,OAK,1998
PHI,PHI,PHI,1998
PIT,PIT,PIT,1998
SDP,SDN,SDN,1998
SEA,SEA,SEA,1998
SFG,SFN,SFN,1998
STL,SLN,SLN,1998
TBD,TBA,TBA,1998
TEX,TEX,TEX,1998
TOR,TOR,TOR,1998
ANA,ANA,ANA,1999
ARI,ARI,ARI,1999
ATL,ATL,ATL,1999
BAL,BAL,BAL,1999
BOS,BOS,BOS,1999
CHW,CHA,CHA,1999
CHC,CHN,CHN,1999
CIN,CIN,CIN,1999
CLE,CLE,CLE,1999
COL,COL,COL,1999
DET,DET,DET,1999
FLA,FLO,FLO,1999
HOU,HOU,HOU,1999
KCR,KCA,KCA,1999
LAD,LAN,LAN,1999
MIL,ML4,MIL,1999
MIN,MIN,MIN,1999
MON,MON,MON,1999
NYY,NYA,NYA,1999
NYM,NYN,NYN,1999
OAK,OAK,OAK,1999
PHI,PHI,PHI,1999
PIT,PIT,PIT,1999
SDP,SDN,SDN,1999
SEA,SEA,SEA,1999
SFG,SFN,SFN,1999
STL,SLN,SLN,1999
TBD,TBA,TBA,1999
TEX,TEX,TEX,1999
TOR,TOR,TOR,1999
ANA,ANA,ANA,2000
ARI,ARI,ARI,2000
ATL,ATL,ATL,2000
BAL,BAL,BAL,2000
BOS,BOS,BOS,2000
CHW,CHA,CHA,2000
CHC,CHN,CHN,2000
CIN,CIN,CIN,2000
CLE,CLE,CLE,2000
COL,COL,COL,2000
DET,DET,DET,2000
FLA,FLO,FLO,2000
HOU,HOU,HOU,2000
KCR,KCA,KCA,2000
LAD,LAN,LAN,2000
MIL,ML4,MIL,2000
MIN,MIN,MIN,2000
MON,MON,MON,2000
NYY,NYA,NYA,2000
NYM,NYN,NYN,2000
OAK,OAK,OAK,2000
PHI,PHI,PHI,2000
PIT,PIT,PIT,2000
SDP,SDN,SDN,2000
SEA,SEA,SEA,2000
SFG,SFN,SFN,2000
STL,SLN,SLN,2000
TBD,TBA,TBA,2000
TEX,TEX,TEX,2000
TOR,TOR,TOR,2000
ANA,ANA,ANA,2001
ARI,ARI,ARI,2001
ATL,ATL,ATL,2001
BAL,BAL,BAL,2001
BOS,BOS,BOS,2001
CHW,CHA,CHA,2001
CHC,CHN,CHN,2001
CIN,CIN,CIN,2001
CLE,CLE,CLE,2001
COL,COL,COL,2001
DET,DET,DET,2001
FLA,FLO,FLO,2001
HOU,HOU,HOU,2001
KCR,KCA,KCA,2001
LAD,LAN,LAN,2001
MIL,ML4,MIL,2001
MIN,MIN,MIN,2001
MON,MON,MON,2001
NYY,NYA,NYA,2001
NYM,NYN,NYN,2001
OAK,OAK,OAK,2001
PHI,PHI,PHI,2001
PIT,PIT,PIT,2001
SDP,SDN,SDN,2001
SEA,SEA,SEA,2001
SFG,SFN,SFN,2001
STL,SLN,SLN,2001
TBD,TBA,TBA,2001
TEX,TEX,TEX,2001
TOR,TOR,TOR,2001
ANA,ANA,ANA,2002
ARI,ARI,ARI,2002
ATL,ATL,ATL,2002
BAL,BAL,BAL,2002
BOS,BOS,BOS,2002
CHW,CHA,CHA,2002
CHC,CHN,CHN,2002
CIN,CIN,CIN,2002
CLE,CLE,CLE,2002
COL,COL,COL,2002
DET,DET,DET,2002
FLA,FLO,FLO,2002
HOU,HOU,HOU,2002
KCR,KCA,KCA,2002
LAD,LAN,LAN,2002
MIL,ML4,MIL,2002
MIN,MIN,MIN,2002
MON,MON,MON,2002
NYY,NYA,NYA,2002
NYM,NYN,NYN,2002
OAK,OAK,OAK,2002
PHI,PHI,PHI,2002
PIT,PIT,PIT,2002
SDP,SDN,SDN,2002
SEA,SEA,SEA,2002
SFG,SFN,SFN,2002
STL,SLN,SLN,2002
TBD,TBA,TBA,2002
TEX,TEX,TEX,2002
TOR,TOR,TOR,2002
ANA,ANA,ANA,2003
ARI,ARI,ARI,2003
ATL,ATL,ATL,2003
BAL,BAL,BAL,2003
BOS,BOS,BOS,2003
CHW,CHA,CHA,2003
CHC,CHN,CHN,2003
CIN,CIN,CIN,2003
CLE,CLE,CLE,2003
COL,COL,COL,2003
DET,DET,DET,2003
FLA,FLO,FLO,2003
HOU,HOU,HOU,2003
KCR,KCA,KCA,2003
LAD,LAN,LAN,2003
MIL,ML4,MIL,2003
MIN,MIN,MIN,2003
MON,MON,MON,2003
NYY,NYA,NYA,2003
NYM,NYN,NYN,2003
OAK,OAK,OAK,2003
PHI,PHI,PHI,2003
PIT,PIT,PIT,2003
SDP,SDN,SDN,2003
SEA,SEA,SEA,2003
SFG,SFN,SFN,2003
STL,SLN,SLN,2003
TBD,TBA,TBA,2003
TEX,TEX,TEX,2003
TOR,TOR,TOR,2003
ANA,ANA,ANA,2004
ARI,ARI,ARI,2004
ATL,ATL,ATL,2004
BAL,BAL,BAL,2004
BOS,BOS,BOS,2004
CHW,CHA,CHA,2004
CHC,CHN,CHN,2004
CIN,CIN,CIN,2004
CLE,CLE,CLE,2004
COL,COL,COL,2004
DET,DET,DET,2004
FLA,FLO,FLO,2004
HOU,HOU,HOU,2004
KCR,KCA,KCA,2004
LAD,LAN,LAN,2004
MIL,ML4,MIL,2004
MIN,MIN,MIN,2004
MON,MON,MON,2004
NYY,NYA,NYA,2004
NYM,NYN,NYN,2004
OAK,OAK,OAK,2004
PHI,PHI,PHI,2004
PIT,PIT,PIT,2004
SDP,SDN,SDN,2004
SEA,SEA,SEA,2004
SFG,SFN,SFN,2004
STL,SLN,SLN,2004
TBD,TBA,TBA,2004
TEX,TEX,TEX,2004
TOR,TOR,TOR,2004
ARI,ARI,ARI,2005
ATL,ATL,ATL,2005
BAL,BAL,BAL,2005
BOS,BOS,BOS,2005
CHW,CHA,CHA,2005
CHC,CHN,CHN,2005
CIN,CIN,CIN,2005
CLE,CLE,CLE,2005
COL,COL,COL,2005
DET,DET,DET,2005
FLA,FLO,FLO,2005
HOU,HOU,HOU,2005
KCR,KCA,KCA,2005
LAA,ANA,ANA,2005
LAD,LAN,LAN,2005
MIL,ML4,MIL,2005
MIN,MIN,MIN,2005
NYY,NYA,NYA,2005
NYM,NYN,NYN,2005
OAK,OAK,OAK,2005
PHI,PHI,PHI,2005
PIT,PIT,PIT,2005
SDP,SDN,SDN,2005
SEA,SEA,SEA,2005
SFG,SFN,SFN,2005
STL,SLN,SLN,2005
TBD,TBA,TBA,2005
TEX,TEX,TEX,2005
TOR,TOR,TOR,2005
WSN,MON,WAS,2005
ARI,ARI,ARI,2006
ATL,ATL,ATL,2006
BAL,BAL,BAL,2006
BOS,BOS,BOS,2006
CHW,CHA,CHA,2006
CHC,CHN,CHN,2006
CIN,CIN,CIN,2006
CLE,CLE,CLE,2006
COL,COL,COL,2006
DET,DET,DET,2006
FLA,FLO,FLO,2006
HOU,HOU,HOU,2006
KCR,KCA,KCA,2006
LAA,ANA,ANA,2006
LAD,LAN,LAN,2006
MIL,ML4,MIL,2006
MIN,MIN,MIN,2006
NYY,NYA,NYA,2006
NYM,NYN,NYN,2006
OAK,OAK,OAK,2006
PHI,PHI,PHI,2006
PIT,PIT,PIT,2006
SDP,SDN,SDN,2006
SEA,SEA,SEA,2006
SFG,SFN,SFN,2006
STL,SLN,SLN,2006
TBD,TBA,TBA,2006
TEX,TEX,TEX,2006
TOR,TOR,TOR,2006
WSN,MON,WAS,2006
ARI,ARI,ARI,2007
ATL,ATL,ATL,2007
BAL,BAL,BAL,2007
BOS,BOS,BOS,2007
CHW,CHA,CHA,2007
CHC,CHN,CHN,2007
CIN,CIN,CIN,2007
CLE,CLE,CLE,2007
COL,COL,COL,2007
DET,DET,DET,2007
FLA,FLO,FLO,2007
HOU,HOU,HOU,2007
KCR,KCA,KCA,2007
LAA,ANA,ANA,2007
LAD,LAN,LAN,2007
MIL,ML4,MIL,2007
MIN,MIN,MIN,2007
NYY,NYA,NYA,2007
NYM,NYN,NYN,2007
OAK,OAK,OAK,2007
PHI,PHI,PHI,2007
PIT,PIT,PIT,2007
SDP,SDN,SDN,2007
SEA,SEA,SEA,2007
SFG,SFN,SFN,2007
STL,SLN,SLN,2007
TBD,TBA,TBA,2007
TEX,TEX,TEX,2007
TOR,TOR,TOR,2007
WSN,MON,WAS,2007
ARI,ARI,ARI,2008
ATL,ATL,ATL,2008
BAL,BAL,BAL,2008
BOS,BOS,BOS,2008
CHW,CHA,CHA,2008
CHC,CHN,CHN,2008
CIN,CIN,CIN,2008
CLE,CLE,CLE,2008
COL,COL,COL,2008
DET,DET,DET,2008
FLA,FLO,FLO,2008
HOU,HOU,HOU,2008
KCR,KCA,KCA,2008
LAA,ANA,ANA,2008
LAD,LAN,LAN,2008
MIL,ML4,MIL,2008
MIN,MIN,MIN,2008
NYY,NYA,NYA,2008
NYM,NYN,NYN,2008
OAK,OAK,OAK,2008
PHI,PHI,PHI,2008
PIT,PIT,PIT,2008
SDP,SDN,SDN,2008
SEA,SEA,SEA,2008
SFG,SFN,SFN,2008
STL,SLN,SLN,2008
TBR,TBA,TBA,2008
TEX,TEX,TEX,2008
TOR,TOR,TOR,2008
WSN,MON,WAS,2008
ARI,ARI,ARI,2009
ATL,ATL,ATL,2009
BAL,BAL,BAL,2009
BOS,BOS,BOS,2009
CHW,CHA,CHA,2009
CHC,CHN,CHN,2009
CIN,CIN,CIN,2009
CLE,CLE,CLE,2009
COL,COL,COL,2009
DET,DET,DET,2009
FLA,FLO,FLO,2009
HOU,HOU,HOU,2009
KCR,KCA,KCA,2009
LAA,ANA,ANA,2009
LAD,LAN,LAN,2009
MIL,ML4,MIL,2009
MIN,MIN,MIN,2009
NYY,NYA,NYA,2009
NYM,NYN,NYN,2009
OAK,OAK,OAK,2009
PHI,PHI,PHI,2009
PIT,PIT,PIT,2009
SDP,SDN,SDN,2009
SEA,SEA,SEA,2009
SFG,SFN,SFN,2009
STL,SLN,SLN,2009
TBR,TBA,TBA,2009
TEX,TEX,TEX,2009
TOR,TOR,TOR,2009
WSN,MON,WAS,2009
ARI,ARI,ARI,2010
ATL,ATL,ATL,2010
BAL,BAL,BAL,2010
BOS,BOS,BOS,2010
CHW,CHA,CHA,2010
CHC,CHN,CHN,2010
CIN,CIN,CIN,2010
CLE,CLE,CLE,2010
COL,COL,COL,2010
DET,DET,DET,2010
FLA,FLO,FLO,2010
HOU,HOU,HOU,2010
KCR,KCA,KCA,2010
LAA,ANA,ANA,2010
LAD,LAN,LAN,2010
MIL,ML4,MIL,2010
MIN,MIN,MIN,2010
NYY,NYA,NYA,2010
NYM,NYN,NYN,2010
OAK,OAK,OAK,2010
PHI,PHI,PHI,2010
PIT,PIT,PIT,2010
SDP,SDN,SDN,2010
SEA,SEA,SEA,2010
SFG,SFN,SFN,2010
STL,SLN,SLN,2010
TBR,TBA,TBA,2010
TEX,TEX,TEX,2010
TOR,TOR,TOR,2010
WSN,MON,WAS,2010
ARI,ARI,ARI,2011
ATL,ATL,ATL,2011
BAL,BAL,BAL,2011
BOS,BOS,BOS,2011
CHW,CHA,CHA,2011
CHC,CHN,CHN,2011
CIN,CIN,CIN,2011
CLE,CLE,CLE,2011
COL,COL,COL,2011
DET,DET,DET,2011
FLA,FLO,FLO,2011
HOU,HOU,HOU,2011
KCR,KCA,KCA,2011
LAA,ANA,ANA,2011
LAD,LAN,LAN,2011
MIL,ML4,MIL,2011
MIN,MIN,MIN,2011
NYY,NYA,NYA,2011
NYM,NYN,NYN,2011
OAK,OAK,OAK,2011
PHI,PHI,PHI,2011
PIT,PIT,PIT,2011
SDP,SDN,SDN,2011
SEA,SEA,SEA,2011
SFG,SFN,SFN,2011
STL,SLN,SLN,2011
TBR,TBA,TBA,2011
TEX,TEX,TEX,2011
TOR,TOR,TOR,2011
WSN,MON,WAS,2011
ARI,ARI,ARI,2012
ATL,ATL,ATL,2012
BAL,BAL,BAL,2012
BOS,BOS,BOS,2012
CHW,CHA,CHA,2012
CHC,CHN,CHN,2012
CIN,CIN,CIN,2012
CLE,CLE,CLE,2012
COL,COL,COL,2012
DET,DET,DET,2012
HOU,HOU,HOU,2012
KCR,KCA,KCA,2012
LAA,ANA,ANA,2012
LAD,LAN,LAN,2012
MIA,FLO,MIA,2012
MIL,ML4,MIL,2012
MIN,MIN,MIN,2012
NYY,NYA,NYA,2012
NYM,NYN,NYN,2012
OAK,OAK,OAK,2012
PHI,PHI,PHI,2012
PIT,PIT,PIT,2012
SDP,SDN,SDN,2012
SEA,SEA,SEA,2012
SFG,SFN,SFN,2012
STL,SLN,SLN,2012
TBR,TBA,TBA,2012
TEX,TEX,TEX,2012
TOR,TOR,TOR,2012
WSN,MON,WAS,2012
ARI,ARI,ARI,2013
ATL,ATL,ATL,2013
BAL,BAL,BAL,2013
BOS,BOS,BOS,2013
CHW,CHA,CHA,2013
CHC,CHN,CHN,2013
CIN,CIN,CIN,2013
CLE,CLE,CLE,2013
COL,COL,COL,2013
DET,DET,DET,2013
HOU,HOU,HOU,2013
KCR,KCA,KCA,2013
LAA,ANA,ANA,2013
LAD,LAN,LAN,2013
MIA,FLO,MIA,2013
MIL,ML4,MIL,2013
MIN,MIN,MIN,2013
NYY,NYA,NYA,2013
NYM,NYN,NYN,2013
OAK,OAK,OAK,2013
PHI,PHI,PHI,2013
PIT,PIT,PIT,2013
SDP,SDN,SDN,2013
SEA,SEA,SEA,2013
SFG,SFN,SFN,2013
STL,SLN,SLN,2013
TBR,TBA,TBA,2013
TEX,TEX,TEX,2013
TOR,TOR,TOR,2013
WSN,MON,WAS,2013
ARI,ARI,ARI,2014
ATL,ATL,ATL,2014
BAL,BAL,BAL,2014
BOS,BOS,BOS,2014
CHW,CHA,CHA,2014
CHC,CHN,CHN,2014
CIN,CIN,CIN,2014
CLE,CLE,CLE,2014
COL,COL,COL,2014
DET,DET,DET,2014
HOU,HOU,HOU,2014
KCR,KCA,KCA,2014
LAA,ANA,ANA,2014
LAD,LAN,LAN,2014
MIA,FLO,MIA,2014
MIL,ML4,MIL,2014
MIN,MIN,MIN,2014
NYY,NYA,NYA,2014
NYM,NYN,NYN,2014
OAK,OAK,OAK,2014
PHI,PHI,PHI,2014
PIT,PIT,PIT,2014
SDP,SDN,SDN,2014
SEA,SEA,SEA,2014
SFG,SFN,SFN,2014
STL,SLN,SLN,2014
TBR,TBA,TBA,2014
TEX,TEX,TEX,2014
TOR,TOR,TOR,2014
WSN,MON,WAS,2014
KCR,KCA,KCA,2015
MIN,MIN,MIN,2015
CLE,CLE,CLE,2015
CHW,CHA,CHA,2015
DET,DET,DET,2015
TOR,TOR,TOR,2015
NYY,NYA,NYA,2015
BAL,BAL,BAL,2015
TBR,TBA,TBA,2015
BOS,BOS,BOS,2015
TEX,TEX,TEX,2015
HOU,HOU,HOU,2015
LAA,ANA,ANA,2015
SEA,SEA,SEA,2015
OAK,OAK,OAK,2015
STL,SLN,SLN,2015
PIT,PIT,PIT,2015
CHC,CHN,CHN,2015
MIL,ML4,MIL,2015
CIN,CIN,CIN,2015
NYM,NYN,NYN,2015
WSN,MON,WAS,2015
MIA,FLO,MIA,2015
ATL,ATL,ATL,2015
PHI,PHI,PHI,2015
LAD,LAN,LAN,2015
SFG,SFN,SFN,2015
ARI,ARI,ARI,2015
SDP,SDN,SDN,2015
COL,COL,COL,2015
