yearID,teamID,DivWin,WCWin,LgWin,WSWin
1871,BS1,,,FALSE,
1871,CH1,,,FALSE,
1871,CL1,,,FALSE,
1871,FW1,,,FALSE,
1871,NY2,,,FALSE,
1871,PH1,,,TRUE,
1871,RC1,,,FALSE,
1871,TRO,,,FALSE,
1871,WS3,,,FALSE,
1872,BL1,,,FALSE,
1872,BR1,,,FALSE,
1872,BR2,,,FALSE,
1872,BS1,,,TRUE,
1872,CL1,,,FALSE,
1872,MID,,,FALSE,
1872,NY2,,,FALSE,
1872,PH1,,,FALSE,
1872,TRO,,,FALSE,
1872,WS3,,,FALSE,
1872,WS4,,,FALSE,
1873,BL1,,,FALSE,
1873,BL4,,,FALSE,
1873,BR2,,,FALSE,
1873,BS1,,,TRUE,
1873,ELI,,,FALSE,
1873,NY2,,,FALSE,
1873,PH1,,,FALSE,
1873,PH2,,,FALSE,
1873,WS5,,,FALSE,
1874,BL1,,,FALSE,
1874,BR2,,,FALSE,
1874,BS1,,,TRUE,
1874,CH2,,,FALSE,
1874,HR1,,,FALSE,
1874,NY2,,,FALSE,
1874,PH1,,,FALSE,
1874,PH2,,,FALSE,
1875,BR2,,,FALSE,
1875,BS1,,,TRUE,
1875,CH2,,,FALSE,
1875,HR1,,,FALSE,
1875,KEO,,,FALSE,
1875,NH1,,,FALSE,
1875,NY2,,,FALSE,
1875,PH1,,,FALSE,
1875,PH2,,,FALSE,
1875,PH3,,,FALSE,
1875,SL1,,,FALSE,
1875,SL2,,,FALSE,
1875,WS6,,,FALSE,
1876,BSN,,,FALSE,
1876,CHN,,,TRUE,
1876,CN1,,,FALSE,
1876,HAR,,,FALSE,
1876,LS1,,,FALSE,
1876,NY3,,,FALSE,
1876,PHN,,,FALSE,
1876,SL3,,,FALSE,
1877,BSN,,,TRUE,
1877,CHN,,,FALSE,
1877,CN1,,,FALSE,
1877,HAR,,,FALSE,
1877,LS1,,,FALSE,
1877,SL3,,,FALSE,
1878,BSN,,,TRUE,
1878,CHN,,,FALSE,
1878,CN1,,,FALSE,
1878,IN1,,,FALSE,
1878,ML2,,,FALSE,
1878,PRO,,,FALSE,
1879,BFN,,,FALSE,
1879,BSN,,,FALSE,
1879,CHN,,,FALSE,
1879,CL2,,,FALSE,
1879,CN1,,,FALSE,
1879,PRO,,,TRUE,
1879,SR1,,,FALSE,
1879,TRN,,,FALSE,
1880,BFN,,,FALSE,
1880,BSN,,,FALSE,
1880,CHN,,,TRUE,
1880,CL2,,,FALSE,
1880,CN1,,,FALSE,
1880,PRO,,,FALSE,
1880,TRN,,,FALSE,
1880,WOR,,,FALSE,
1881,BFN,,,FALSE,
1881,BSN,,,FALSE,
1881,CHN,,,TRUE,
1881,CL2,,,FALSE,
1881,DTN,,,FALSE,
1881,PRO,,,FALSE,
1881,TRN,,,FALSE,
1881,WOR,,,FALSE,
1882,BFN,,,FALSE,
1882,BL2,,,FALSE,
1882,BSN,,,FALSE,
1882,CHN,,,TRUE,
1882,CL2,,,FALSE,
1882,CN2,,,TRUE,
1882,DTN,,,FALSE,
1882,LS2,,,FALSE,
1882,PH4,,,FALSE,
1882,PRO,,,FALSE,
1882,PT1,,,FALSE,
1882,SL4,,,FALSE,
1882,TRN,,,FALSE,
1882,WOR,,,FALSE,
1883,BFN,,,FALSE,
1883,BL2,,,FALSE,
1883,BSN,,,TRUE,
1883,CHN,,,FALSE,
1883,CL2,,,FALSE,
1883,CL5,,,FALSE,
1883,CN2,,,FALSE,
1883,DTN,,,FALSE,
1883,LS2,,,FALSE,
1883,NY1,,,FALSE,
1883,NY4,,,FALSE,
1883,PH4,,,TRUE,
1883,PHI,,,FALSE,
1883,PRO,,,FALSE,
1883,PT1,,,FALSE,
1883,SL4,,,FALSE,
1884,ALT,,,FALSE,
1884,BFN,,,FALSE,FALSE
1884,BL2,,,FALSE,FALSE
1884,BLU,,,FALSE,
1884,BR3,,,FALSE,FALSE
1884,BSN,,,FALSE,FALSE
1884,BSU,,,FALSE,
1884,CHN,,,FALSE,FALSE
1884,CHU,,,FALSE,
1884,CL2,,,FALSE,FALSE
1884,CL5,,,FALSE,FALSE
1884,CN2,,,FALSE,FALSE
1884,CNU,,,FALSE,
1884,DTN,,,FALSE,FALSE
1884,IN2,,,FALSE,FALSE
1884,KCU,,,FALSE,
1884,LS2,,,FALSE,FALSE
1884,MLU,,,FALSE,
1884,NY1,,,FALSE,FALSE
1884,NY4,,,TRUE,FALSE
1884,PH4,,,FALSE,FALSE
1884,PHI,,,FALSE,FALSE
1884,PHU,,,FALSE,
1884,PRO,,,TRUE,TRUE
1884,PT1,,,FALSE,FALSE
1884,RIC,,,FALSE,FALSE
1884,SL4,,,FALSE,FALSE
1884,SLU,,,TRUE,
1884,SPU,,,FALSE,
1884,TL1,,,FALSE,FALSE
1884,WIL,,,FALSE,
1884,WS7,,,FALSE,FALSE
1884,WSU,,,FALSE,
1885,BFN,,,FALSE,FALSE
1885,BL2,,,FALSE,FALSE
1885,BR3,,,FALSE,FALSE
1885,BSN,,,FALSE,FALSE
1885,CHN,,,TRUE,FALSE
1885,CN2,,,FALSE,FALSE
1885,DTN,,,FALSE,FALSE
1885,LS2,,,FALSE,FALSE
1885,NY1,,,FALSE,FALSE
1885,NY4,,,FALSE,FALSE
1885,PH4,,,FALSE,FALSE
1885,PHI,,,FALSE,FALSE
1885,PRO,,,FALSE,FALSE
1885,PT1,,,FALSE,FALSE
1885,SL4,,,TRUE,FALSE
1885,SL5,,,FALSE,FALSE
1886,BL2,,,FALSE,FALSE
1886,BR3,,,FALSE,FALSE
1886,BSN,,,FALSE,FALSE
1886,CHN,,,TRUE,FALSE
1886,CN2,,,FALSE,FALSE
1886,DTN,,,FALSE,FALSE
1886,KCN,,,FALSE,FALSE
1886,LS2,,,FALSE,FALSE
1886,NY1,,,FALSE,FALSE
1886,NY4,,,FALSE,FALSE
1886,PH4,,,FALSE,FALSE
1886,PHI,,,FALSE,FALSE
1886,PT1,,,FALSE,FALSE
1886,SL4,,,TRUE,TRUE
1886,SL5,,,FALSE,FALSE
1886,WS8,,,FALSE,FALSE
1887,BL2,,,FALSE,FALSE
1887,BR3,,,FALSE,FALSE
1887,BSN,,,FALSE,FALSE
1887,CHN,,,FALSE,FALSE
1887,CL3,,,FALSE,FALSE
1887,CN2,,,FALSE,FALSE
1887,DTN,,,TRUE,TRUE
1887,IN3,,,FALSE,FALSE
1887,LS2,,,FALSE,FALSE
1887,NY1,,,FALSE,FALSE
1887,NY4,,,FALSE,FALSE
1887,PH4,,,FALSE,FALSE
1887,PHI,,,FALSE,FALSE
1887,PIT,,,FALSE,FALSE
1887,SL4,,,TRUE,FALSE
1887,WS8,,,FALSE,FALSE
1888,BL2,,,FALSE,FALSE
1888,BR3,,,FALSE,FALSE
1888,BSN,,,FALSE,FALSE
1888,CHN,,,FALSE,FALSE
1888,CL3,,,FALSE,FALSE
1888,CN2,,,FALSE,FALSE
1888,DTN,,,FALSE,FALSE
1888,IN3,,,FALSE,FALSE
1888,KC2,,,FALSE,FALSE
1888,LS2,,,FALSE,FALSE
1888,NY1,,,TRUE,TRUE
1888,PH4,,,FALSE,FALSE
1888,PHI,,,FALSE,FALSE
1888,PIT,,,FALSE,FALSE
1888,SL4,,,TRUE,FALSE
1888,WS8,,,FALSE,FALSE
1889,BL2,,,FALSE,FALSE
1889,BR3,,,TRUE,FALSE
1889,BSN,,,FALSE,FALSE
1889,CHN,,,FALSE,FALSE
1889,CL4,,,FALSE,FALSE
1889,CL6,,,FALSE,FALSE
1889,CN2,,,FALSE,FALSE
1889,IN3,,,FALSE,FALSE
1889,KC2,,,FALSE,FALSE
1889,LS2,,,FALSE,FALSE
1889,NY1,,,TRUE,TRUE
1889,PH4,,,FALSE,FALSE
1889,PHI,,,FALSE,FALSE
1889,PIT,,,FALSE,FALSE
1889,SL4,,,FALSE,FALSE
1889,WS8,,,FALSE,FALSE
1890,BFP,,,FALSE,
1890,BL3,,,FALSE,FALSE
1890,BR4,,,FALSE,FALSE
1890,BRO,,,TRUE,FALSE
1890,BRP,,,FALSE,
1890,BSN,,,FALSE,FALSE
1890,BSP,,,TRUE,
1890,CHN,,,FALSE,FALSE
1890,CHP,,,FALSE,
1890,CIN,,,FALSE,FALSE
1890,CL4,,,FALSE,FALSE
1890,CL6,,,FALSE,FALSE
1890,CLP,,,FALSE,
1890,LS2,,,TRUE,FALSE
1890,NY1,,,FALSE,FALSE
1890,NYP,,,FALSE,
1890,PH4,,,FALSE,FALSE
1890,PHI,,,FALSE,FALSE
1890,PHP,,,FALSE,
1890,PIT,,,FALSE,FALSE
1890,PTP,,,FALSE,
1890,RC2,,,FALSE,FALSE
1890,SL4,,,FALSE,FALSE
1890,SR2,,,FALSE,FALSE
1890,TL2,,,FALSE,FALSE
1891,BL3,,,FALSE,
1891,BRO,,,FALSE,
1891,BS2,,,TRUE,
1891,BSN,,,TRUE,
1891,CHN,,,FALSE,
1891,CIN,,,FALSE,
1891,CL4,,,FALSE,
1891,CL6,,,FALSE,
1891,CN3,,,FALSE,
1891,LS2,,,FALSE,
1891,ML3,,,FALSE,
1891,NY1,,,FALSE,
1891,PH4,,,FALSE,
1891,PHI,,,FALSE,
1891,PIT,,,FALSE,
1891,SL4,,,FALSE,
1891,WS9,,,FALSE,
1892,BLN,,,FALSE,
1892,BRO,,,FALSE,
1892,BSN,,,TRUE,
1892,CHN,,,FALSE,
1892,CIN,,,FALSE,
1892,CL4,,,FALSE,
1892,LS3,,,FALSE,
1892,NY1,,,FALSE,
1892,PHI,,,FALSE,
1892,PIT,,,FALSE,
1892,SLN,,,FALSE,
1892,WAS,,,FALSE,
1893,BLN,,,FALSE,
1893,BRO,,,FALSE,
1893,BSN,,,TRUE,
1893,CHN,,,FALSE,
1893,CIN,,,FALSE,
1893,CL4,,,FALSE,
1893,LS3,,,FALSE,
1893,NY1,,,FALSE,
1893,PHI,,,FALSE,
1893,PIT,,,FALSE,
1893,SLN,,,FALSE,
1893,WAS,,,FALSE,
1894,BLN,,,TRUE,
1894,BRO,,,FALSE,
1894,BSN,,,FALSE,
1894,CHN,,,FALSE,
1894,CIN,,,FALSE,
1894,CL4,,,FALSE,
1894,LS3,,,FALSE,
1894,NY1,,,FALSE,
1894,PHI,,,FALSE,
1894,PIT,,,FALSE,
1894,SLN,,,FALSE,
1894,WAS,,,FALSE,
1895,BLN,,,TRUE,
1895,BRO,,,FALSE,
1895,BSN,,,FALSE,
1895,CHN,,,FALSE,
1895,CIN,,,FALSE,
1895,CL4,,,FALSE,
1895,LS3,,,FALSE,
1895,NY1,,,FALSE,
1895,PHI,,,FALSE,
1895,PIT,,,FALSE,
1895,SLN,,,FALSE,
1895,WAS,,,FALSE,
1896,BLN,,,TRUE,
1896,BRO,,,FALSE,
1896,BSN,,,FALSE,
1896,CHN,,,FALSE,
1896,CIN,,,FALSE,
1896,CL4,,,FALSE,
1896,LS3,,,FALSE,
1896,NY1,,,FALSE,
1896,PHI,,,FALSE,
1896,PIT,,,FALSE,
1896,SLN,,,FALSE,
1896,WAS,,,FALSE,
1897,BLN,,,FALSE,
1897,BRO,,,FALSE,
1897,BSN,,,TRUE,
1897,CHN,,,FALSE,
1897,CIN,,,FALSE,
1897,CL4,,,FALSE,
1897,LS3,,,FALSE,
1897,NY1,,,FALSE,
1897,PHI,,,FALSE,
1897,PIT,,,FALSE,
1897,SLN,,,FALSE,
1897,WAS,,,FALSE,
1898,BLN,,,FALSE,
1898,BRO,,,FALSE,
1898,BSN,,,TRUE,
1898,CHN,,,FALSE,
1898,CIN,,,FALSE,
1898,CL4,,,FALSE,
1898,LS3,,,FALSE,
1898,NY1,,,FALSE,
1898,PHI,,,FALSE,
1898,PIT,,,FALSE,
1898,SLN,,,FALSE,
1898,WAS,,,FALSE,
1899,BLN,,,FALSE,
1899,BRO,,,TRUE,
1899,BSN,,,FALSE,
1899,CHN,,,FALSE,
1899,CIN,,,FALSE,
1899,CL4,,,FALSE,
1899,LS3,,,FALSE,
1899,NY1,,,FALSE,
1899,PHI,,,FALSE,
1899,PIT,,,FALSE,
1899,SLN,,,FALSE,
1899,WAS,,,FALSE,
1900,BRO,,,TRUE,
1900,BSN,,,FALSE,
1900,CHN,,,FALSE,
1900,CIN,,,FALSE,
1900,NY1,,,FALSE,
1900,PHI,,,FALSE,
1900,PIT,,,FALSE,
1900,SLN,,,FALSE,
1901,BLA,,,FALSE,
1901,BOS,,,FALSE,
1901,BRO,,,FALSE,
1901,BSN,,,FALSE,
1901,CHA,,,TRUE,
1901,CHN,,,FALSE,
1901,CIN,,,FALSE,
1901,CLE,,,FALSE,
1901,DET,,,FALSE,
1901,MLA,,,FALSE,
1901,NY1,,,FALSE,
1901,PHA,,,FALSE,
1901,PHI,,,FALSE,
1901,PIT,,,TRUE,
1901,SLN,,,FALSE,
1901,WS1,,,FALSE,
1902,BLA,,,FALSE,
1902,BOS,,,FALSE,
1902,BRO,,,FALSE,
1902,BSN,,,FALSE,
1902,CHA,,,FALSE,
1902,CHN,,,FALSE,
1902,CIN,,,FALSE,
1902,CLE,,,FALSE,
1902,DET,,,FALSE,
1902,NY1,,,FALSE,
1902,PHA,,,TRUE,
1902,PHI,,,FALSE,
1902,PIT,,,TRUE,
1902,SLA,,,FALSE,
1902,SLN,,,FALSE,
1902,WS1,,,FALSE,
1903,BOS,,,TRUE,TRUE
1903,BRO,,,FALSE,FALSE
1903,BSN,,,FALSE,FALSE
1903,CHA,,,FALSE,FALSE
1903,CHN,,,FALSE,FALSE
1903,CIN,,,FALSE,FALSE
1903,CLE,,,FALSE,FALSE
1903,DET,,,FALSE,FALSE
1903,NY1,,,FALSE,FALSE
1903,NYA,,,FALSE,FALSE
1903,PHA,,,FALSE,FALSE
1903,PHI,,,FALSE,FALSE
1903,PIT,,,TRUE,FALSE
1903,SLA,,,FALSE,FALSE
1903,SLN,,,FALSE,FALSE
1903,WS1,,,FALSE,FALSE
1904,BOS,,,TRUE,
1904,BRO,,,FALSE,
1904,BSN,,,FALSE,
1904,CHA,,,FALSE,
1904,CHN,,,FALSE,
1904,CIN,,,FALSE,
1904,CLE,,,FALSE,
1904,DET,,,FALSE,
1904,NY1,,,TRUE,
1904,NYA,,,FALSE,
1904,PHA,,,FALSE,
1904,PHI,,,FALSE,
1904,PIT,,,FALSE,
1904,SLA,,,FALSE,
1904,SLN,,,FALSE,
1904,WS1,,,FALSE,
1905,BOS,,,FALSE,FALSE
1905,BRO,,,FALSE,FALSE
1905,BSN,,,FALSE,FALSE
1905,CHA,,,FALSE,FALSE
1905,CHN,,,FALSE,FALSE
1905,CIN,,,FALSE,FALSE
1905,CLE,,,FALSE,FALSE
1905,DET,,,FALSE,FALSE
1905,NY1,,,TRUE,TRUE
1905,NYA,,,FALSE,FALSE
1905,PHA,,,TRUE,FALSE
1905,PHI,,,FALSE,FALSE
1905,PIT,,,FALSE,FALSE
1905,SLA,,,FALSE,FALSE
1905,SLN,,,FALSE,FALSE
1905,WS1,,,FALSE,FALSE
1906,BOS,,,FALSE,FALSE
1906,BRO,,,FALSE,FALSE
1906,BSN,,,FALSE,FALSE
1906,CHA,,,TRUE,TRUE
1906,CHN,,,TRUE,FALSE
1906,CIN,,,FALSE,FALSE
1906,CLE,,,FALSE,FALSE
1906,DET,,,FALSE,FALSE
1906,NY1,,,FALSE,FALSE
1906,NYA,,,FALSE,FALSE
1906,PHA,,,FALSE,FALSE
1906,PHI,,,FALSE,FALSE
1906,PIT,,,FALSE,FALSE
1906,SLA,,,FALSE,FALSE
1906,SLN,,,FALSE,FALSE
1906,WS1,,,FALSE,FALSE
1907,BOS,,,FALSE,FALSE
1907,BRO,,,FALSE,FALSE
1907,BSN,,,FALSE,FALSE
1907,CHA,,,FALSE,FALSE
1907,CHN,,,TRUE,TRUE
1907,CIN,,,FALSE,FALSE
1907,CLE,,,FALSE,FALSE
1907,DET,,,TRUE,FALSE
1907,NY1,,,FALSE,FALSE
1907,NYA,,,FALSE,FALSE
1907,PHA,,,FALSE,FALSE
1907,PHI,,,FALSE,FALSE
1907,PIT,,,FALSE,FALSE
1907,SLA,,,FALSE,FALSE
1907,SLN,,,FALSE,FALSE
1907,WS1,,,FALSE,FALSE
1908,BOS,,,FALSE,FALSE
1908,BRO,,,FALSE,FALSE
1908,BSN,,,FALSE,FALSE
1908,CHA,,,FALSE,FALSE
1908,CHN,,,TRUE,TRUE
1908,CIN,,,FALSE,FALSE
1908,CLE,,,FALSE,FALSE
1908,DET,,,TRUE,FALSE
1908,NY1,,,FALSE,FALSE
1908,NYA,,,FALSE,FALSE
1908,PHA,,,FALSE,FALSE
1908,PHI,,,FALSE,FALSE
1908,PIT,,,FALSE,FALSE
1908,SLA,,,FALSE,FALSE
1908,SLN,,,FALSE,FALSE
1908,WS1,,,FALSE,FALSE
1909,BOS,,,FALSE,FALSE
1909,BRO,,,FALSE,FALSE
1909,BSN,,,FALSE,FALSE
1909,CHA,,,FALSE,FALSE
1909,CHN,,,FALSE,FALSE
1909,CIN,,,FALSE,FALSE
1909,CLE,,,FALSE,FALSE
1909,DET,,,TRUE,FALSE
1909,NY1,,,FALSE,FALSE
1909,NYA,,,FALSE,FALSE
1909,PHA,,,FALSE,FALSE
1909,PHI,,,FALSE,FALSE
1909,PIT,,,TRUE,TRUE
1909,SLA,,,FALSE,FALSE
1909,SLN,,,FALSE,FALSE
1909,WS1,,,FALSE,FALSE
1910,BOS,,,FALSE,FALSE
1910,BRO,,,FALSE,FALSE
1910,BSN,,,FALSE,FALSE
1910,CHA,,,FALSE,FALSE
1910,CHN,,,TRUE,FALSE
1910,CIN,,,FALSE,FALSE
1910,CLE,,,FALSE,FALSE
1910,DET,,,FALSE,FALSE
1910,NY1,,,FALSE,FALSE
1910,NYA,,,FALSE,FALSE
1910,PHA,,,TRUE,TRUE
1910,PHI,,,FALSE,FALSE
1910,PIT,,,FALSE,FALSE
1910,SLA,,,FALSE,FALSE
1910,SLN,,,FALSE,FALSE
1910,WS1,,,FALSE,FALSE
1911,BOS,,,FALSE,FALSE
1911,BRO,,,FALSE,FALSE
1911,BSN,,,FALSE,FALSE
1911,CHA,,,FALSE,FALSE
1911,CHN,,,FALSE,FALSE
1911,CIN,,,FALSE,FALSE
1911,CLE,,,FALSE,FALSE
1911,DET,,,FALSE,FALSE
1911,NY1,,,TRUE,FALSE
1911,NYA,,,FALSE,FALSE
1911,PHA,,,TRUE,TRUE
1911,PHI,,,FALSE,FALSE
1911,PIT,,,FALSE,FALSE
1911,SLA,,,FALSE,FALSE
1911,SLN,,,FALSE,FALSE
1911,WS1,,,FALSE,FALSE
1912,BOS,,,TRUE,TRUE
1912,BRO,,,FALSE,FALSE
1912,BSN,,,FALSE,FALSE
1912,CHA,,,FALSE,FALSE
1912,CHN,,,FALSE,FALSE
1912,CIN,,,FALSE,FALSE
1912,CLE,,,FALSE,FALSE
1912,DET,,,FALSE,FALSE
1912,NY1,,,TRUE,FALSE
1912,NYA,,,FALSE,FALSE
1912,PHA,,,FALSE,FALSE
1912,PHI,,,FALSE,FALSE
1912,PIT,,,FALSE,FALSE
1912,SLA,,,FALSE,FALSE
1912,SLN,,,FALSE,FALSE
1912,WS1,,,FALSE,FALSE
1913,BOS,,,FALSE,FALSE
1913,BRO,,,FALSE,FALSE
1913,BSN,,,FALSE,FALSE
1913,CHA,,,FALSE,FALSE
1913,CHN,,,FALSE,FALSE
1913,CIN,,,FALSE,FALSE
1913,CLE,,,FALSE,FALSE
1913,DET,,,FALSE,FALSE
1913,NY1,,,TRUE,FALSE
1913,NYA,,,FALSE,FALSE
1913,PHA,,,TRUE,TRUE
1913,PHI,,,FALSE,FALSE
1913,PIT,,,FALSE,FALSE
1913,SLA,,,FALSE,FALSE
1913,SLN,,,FALSE,FALSE
1913,WS1,,,FALSE,FALSE
1914,BLF,,,FALSE,
1914,BOS,,,FALSE,FALSE
1914,BRF,,,FALSE,
1914,BRO,,,FALSE,FALSE
1914,BSN,,,TRUE,TRUE
1914,BUF,,,FALSE,
1914,CHA,,,FALSE,FALSE
1914,CHF,,,FALSE,
1914,CHN,,,FALSE,FALSE
1914,CIN,,,FALSE,FALSE
1914,CLE,,,FALSE,FALSE
1914,DET,,,FALSE,FALSE
1914,IND,,,TRUE,
1914,KCF,,,FALSE,
1914,NY1,,,FALSE,FALSE
1914,NYA,,,FALSE,FALSE
1914,PHA,,,TRUE,FALSE
1914,PHI,,,FALSE,FALSE
1914,PIT,,,FALSE,FALSE
1914,PTF,,,FALSE,
1914,SLA,,,FALSE,FALSE
1914,SLF,,,FALSE,
1914,SLN,,,FALSE,FALSE
1914,WS1,,,FALSE,FALSE
1915,BLF,,,FALSE,
1915,BOS,,,TRUE,TRUE
1915,BRF,,,FALSE,
1915,BRO,,,FALSE,FALSE
1915,BSN,,,FALSE,FALSE
1915,BUF,,,FALSE,
1915,CHA,,,FALSE,FALSE
1915,CHF,,,TRUE,
1915,CHN,,,FALSE,FALSE
1915,CIN,,,FALSE,FALSE
1915,CLE,,,FALSE,FALSE
1915,DET,,,FALSE,FALSE
1915,KCF,,,FALSE,
1915,NEW,,,FALSE,
1915,NY1,,,FALSE,FALSE
1915,NYA,,,FALSE,FALSE
1915,PHA,,,FALSE,FALSE
1915,PHI,,,TRUE,FALSE
1915,PIT,,,FALSE,FALSE
1915,PTF,,,FALSE,
1915,SLA,,,FALSE,FALSE
1915,SLF,,,FALSE,
1915,SLN,,,FALSE,FALSE
1915,WS1,,,FALSE,FALSE
1916,BOS,,,TRUE,TRUE
1916,BRO,,,TRUE,FALSE
1916,BSN,,,FALSE,FALSE
1916,CHA,,,FALSE,FALSE
1916,CHN,,,FALSE,FALSE
1916,CIN,,,FALSE,FALSE
1916,CLE,,,FALSE,FALSE
1916,DET,,,FALSE,FALSE
1916,NY1,,,FALSE,FALSE
1916,NYA,,,FALSE,FALSE
1916,PHA,,,FALSE,FALSE
1916,PHI,,,FALSE,FALSE
1916,PIT,,,FALSE,FALSE
1916,SLA,,,FALSE,FALSE
1916,SLN,,,FALSE,FALSE
1916,WS1,,,FALSE,FALSE
1917,BOS,,,FALSE,FALSE
1917,BRO,,,FALSE,FALSE
1917,BSN,,,FALSE,FALSE
1917,CHA,,,TRUE,TRUE
1917,CHN,,,FALSE,FALSE
1917,CIN,,,FALSE,FALSE
1917,CLE,,,FALSE,FALSE
1917,DET,,,FALSE,FALSE
1917,NY1,,,TRUE,FALSE
1917,NYA,,,FALSE,FALSE
1917,PHA,,,FALSE,FALSE
1917,PHI,,,FALSE,FALSE
1917,PIT,,,FALSE,FALSE
1917,SLA,,,FALSE,FALSE
1917,SLN,,,FALSE,FALSE
1917,WS1,,,FALSE,FALSE
1918,BOS,,,TRUE,TRUE
1918,BRO,,,FALSE,FALSE
1918,BSN,,,FALSE,FALSE
1918,CHA,,,FALSE,FALSE
1918,CHN,,,TRUE,FALSE
1918,CIN,,,FALSE,FALSE
1918,CLE,,,FALSE,FALSE
1918,DET,,,FALSE,FALSE
1918,NY1,,,FALSE,FALSE
1918,NYA,,,FALSE,FALSE
1918,PHA,,,FALSE,FALSE
1918,PHI,,,FALSE,FALSE
1918,PIT,,,FALSE,FALSE
1918,SLA,,,FALSE,FALSE
1918,SLN,,,FALSE,FALSE
1918,WS1,,,FALSE,FALSE
1919,BOS,,,FALSE,FALSE
1919,BRO,,,FALSE,FALSE
1919,BSN,,,FALSE,FALSE
1919,CHA,,,TRUE,FALSE
1919,CHN,,,FALSE,FALSE
1919,CIN,,,TRUE,TRUE
1919,CLE,,,FALSE,FALSE
1919,DET,,,FALSE,FALSE
1919,NY1,,,FALSE,FALSE
1919,NYA,,,FALSE,FALSE
1919,PHA,,,FALSE,FALSE
1919,PHI,,,FALSE,FALSE
1919,PIT,,,FALSE,FALSE
1919,SLA,,,FALSE,FALSE
1919,SLN,,,FALSE,FALSE
1919,WS1,,,FALSE,FALSE
1920,BOS,,,FALSE,FALSE
1920,BRO,,,TRUE,FALSE
1920,BSN,,,FALSE,FALSE
1920,CHA,,,FALSE,FALSE
1920,CHN,,,FALSE,FALSE
1920,CIN,,,FALSE,FALSE
1920,CLE,,,TRUE,TRUE
1920,DET,,,FALSE,FALSE
1920,NY1,,,FALSE,FALSE
1920,NYA,,,FALSE,FALSE
1920,PHA,,,FALSE,FALSE
1920,PHI,,,FALSE,FALSE
1920,PIT,,,FALSE,FALSE
1920,SLA,,,FALSE,FALSE
1920,SLN,,,FALSE,FALSE
1920,WS1,,,FALSE,FALSE
1921,BOS,,,FALSE,FALSE
1921,BRO,,,FALSE,FALSE
1921,BSN,,,FALSE,FALSE
1921,CHA,,,FALSE,FALSE
1921,CHN,,,FALSE,FALSE
1921,CIN,,,FALSE,FALSE
1921,CLE,,,FALSE,FALSE
1921,DET,,,FALSE,FALSE
1921,NY1,,,TRUE,TRUE
1921,NYA,,,TRUE,FALSE
1921,PHA,,,FALSE,FALSE
1921,PHI,,,FALSE,FALSE
1921,PIT,,,FALSE,FALSE
1921,SLA,,,FALSE,FALSE
1921,SLN,,,FALSE,FALSE
1921,WS1,,,FALSE,FALSE
1922,BOS,,,FALSE,FALSE
1922,BRO,,,FALSE,FALSE
1922,BSN,,,FALSE,FALSE
1922,CHA,,,FALSE,FALSE
1922,CHN,,,FALSE,FALSE
1922,CIN,,,FALSE,FALSE
1922,CLE,,,FALSE,FALSE
1922,DET,,,FALSE,FALSE
1922,NY1,,,TRUE,TRUE
1922,NYA,,,TRUE,FALSE
1922,PHA,,,FALSE,FALSE
1922,PHI,,,FALSE,FALSE
1922,PIT,,,FALSE,FALSE
1922,SLA,,,FALSE,FALSE
1922,SLN,,,FALSE,FALSE
1922,WS1,,,FALSE,FALSE
1923,BOS,,,FALSE,FALSE
1923,BRO,,,FALSE,FALSE
1923,BSN,,,FALSE,FALSE
1923,CHA,,,FALSE,FALSE
1923,CHN,,,FALSE,FALSE
1923,CIN,,,FALSE,FALSE
1923,CLE,,,FALSE,FALSE
1923,DET,,,FALSE,FALSE
1923,NY1,,,TRUE,FALSE
1923,NYA,,,TRUE,TRUE
1923,PHA,,,FALSE,FALSE
1923,PHI,,,FALSE,FALSE
1923,PIT,,,FALSE,FALSE
1923,SLA,,,FALSE,FALSE
1923,SLN,,,FALSE,FALSE
1923,WS1,,,FALSE,FALSE
1924,BOS,,,FALSE,FALSE
1924,BRO,,,FALSE,FALSE
1924,BSN,,,FALSE,FALSE
1924,CHA,,,FALSE,FALSE
1924,CHN,,,FALSE,FALSE
1924,CIN,,,FALSE,FALSE
1924,CLE,,,FALSE,FALSE
1924,DET,,,FALSE,FALSE
1924,NY1,,,TRUE,FALSE
1924,NYA,,,FALSE,FALSE
1924,PHA,,,FALSE,FALSE
1924,PHI,,,FALSE,FALSE
1924,PIT,,,FALSE,FALSE
1924,SLA,,,FALSE,FALSE
1924,SLN,,,FALSE,FALSE
1924,WS1,,,TRUE,TRUE
1925,BOS,,,FALSE,FALSE
1925,BRO,,,FALSE,FALSE
1925,BSN,,,FALSE,FALSE
1925,CHA,,,FALSE,FALSE
1925,CHN,,,FALSE,FALSE
1925,CIN,,,FALSE,FALSE
1925,CLE,,,FALSE,FALSE
1925,DET,,,FALSE,FALSE
1925,NY1,,,FALSE,FALSE
1925,NYA,,,FALSE,FALSE
1925,PHA,,,FALSE,FALSE
1925,PHI,,,FALSE,FALSE
1925,PIT,,,TRUE,TRUE
1925,SLA,,,FALSE,FALSE
1925,SLN,,,FALSE,FALSE
1925,WS1,,,TRUE,FALSE
1926,BOS,,,FALSE,FALSE
1926,BRO,,,FALSE,FALSE
1926,BSN,,,FALSE,FALSE
1926,CHA,,,FALSE,FALSE
1926,CHN,,,FALSE,FALSE
1926,CIN,,,FALSE,FALSE
1926,CLE,,,FALSE,FALSE
1926,DET,,,FALSE,FALSE
1926,NY1,,,FALSE,FALSE
1926,NYA,,,TRUE,FALSE
1926,PHA,,,FALSE,FALSE
1926,PHI,,,FALSE,FALSE
1926,PIT,,,FALSE,FALSE
1926,SLA,,,FALSE,FALSE
1926,SLN,,,TRUE,TRUE
1926,WS1,,,FALSE,FALSE
1927,BOS,,,FALSE,FALSE
1927,BRO,,,FALSE,FALSE
1927,BSN,,,FALSE,FALSE
1927,CHA,,,FALSE,FALSE
1927,CHN,,,FALSE,FALSE
1927,CIN,,,FALSE,FALSE
1927,CLE,,,FALSE,FALSE
1927,DET,,,FALSE,FALSE
1927,NY1,,,FALSE,FALSE
1927,NYA,,,TRUE,TRUE
1927,PHA,,,FALSE,FALSE
1927,PHI,,,FALSE,FALSE
1927,PIT,,,TRUE,FALSE
1927,SLA,,,FALSE,FALSE
1927,SLN,,,FALSE,FALSE
1927,WS1,,,FALSE,FALSE
1928,BOS,,,FALSE,FALSE
1928,BRO,,,FALSE,FALSE
1928,BSN,,,FALSE,FALSE
1928,CHA,,,FALSE,FALSE
1928,CHN,,,FALSE,FALSE
1928,CIN,,,FALSE,FALSE
1928,CLE,,,FALSE,FALSE
1928,DET,,,FALSE,FALSE
1928,NY1,,,FALSE,FALSE
1928,NYA,,,TRUE,TRUE
1928,PHA,,,FALSE,FALSE
1928,PHI,,,FALSE,FALSE
1928,PIT,,,FALSE,FALSE
1928,SLA,,,FALSE,FALSE
1928,SLN,,,TRUE,FALSE
1928,WS1,,,FALSE,FALSE
1929,BOS,,,FALSE,FALSE
1929,BRO,,,FALSE,FALSE
1929,BSN,,,FALSE,FALSE
1929,CHA,,,FALSE,FALSE
1929,CHN,,,TRUE,FALSE
1929,CIN,,,FALSE,FALSE
1929,CLE,,,FALSE,FALSE
1929,DET,,,FALSE,FALSE
1929,NY1,,,FALSE,FALSE
1929,NYA,,,FALSE,FALSE
1929,PHA,,,TRUE,TRUE
1929,PHI,,,FALSE,FALSE
1929,PIT,,,FALSE,FALSE
1929,SLA,,,FALSE,FALSE
1929,SLN,,,FALSE,FALSE
1929,WS1,,,FALSE,FALSE
1930,BOS,,,FALSE,FALSE
1930,BRO,,,FALSE,FALSE
1930,BSN,,,FALSE,FALSE
1930,CHA,,,FALSE,FALSE
1930,CHN,,,FALSE,FALSE
1930,CIN,,,FALSE,FALSE
1930,CLE,,,FALSE,FALSE
1930,DET,,,FALSE,FALSE
1930,NY1,,,FALSE,FALSE
1930,NYA,,,FALSE,FALSE
1930,PHA,,,TRUE,TRUE
1930,PHI,,,FALSE,FALSE
1930,PIT,,,FALSE,FALSE
1930,SLA,,,FALSE,FALSE
1930,SLN,,,TRUE,FALSE
1930,WS1,,,FALSE,FALSE
1931,BOS,,,FALSE,FALSE
1931,BRO,,,FALSE,FALSE
1931,BSN,,,FALSE,FALSE
1931,CHA,,,FALSE,FALSE
1931,CHN,,,FALSE,FALSE
1931,CIN,,,FALSE,FALSE
1931,CLE,,,FALSE,FALSE
1931,DET,,,FALSE,FALSE
1931,NY1,,,FALSE,FALSE
1931,NYA,,,FALSE,FALSE
1931,PHA,,,TRUE,FALSE
1931,PHI,,,FALSE,FALSE
1931,PIT,,,FALSE,FALSE
1931,SLA,,,FALSE,FALSE
1931,SLN,,,TRUE,TRUE
1931,WS1,,,FALSE,FALSE
1932,BOS,,,FALSE,FALSE
1932,BRO,,,FALSE,FALSE
1932,BSN,,,FALSE,FALSE
1932,CHA,,,FALSE,FALSE
1932,CHN,,,TRUE,FALSE
1932,CIN,,,FALSE,FALSE
1932,CLE,,,FALSE,FALSE
1932,DET,,,FALSE,FALSE
1932,NY1,,,FALSE,FALSE
1932,NYA,,,TRUE,TRUE
1932,PHA,,,FALSE,FALSE
1932,PHI,,,FALSE,FALSE
1932,PIT,,,FALSE,FALSE
1932,SLA,,,FALSE,FALSE
1932,SLN,,,FALSE,FALSE
1932,WS1,,,FALSE,FALSE
1933,BOS,,,FALSE,FALSE
1933,BRO,,,FALSE,FALSE
1933,BSN,,,FALSE,FALSE
1933,CHA,,,FALSE,FALSE
1933,CHN,,,FALSE,FALSE
1933,CIN,,,FALSE,FALSE
1933,CLE,,,FALSE,FALSE
1933,DET,,,FALSE,FALSE
1933,NY1,,,TRUE,TRUE
1933,NYA,,,FALSE,FALSE
1933,PHA,,,FALSE,FALSE
1933,PHI,,,FALSE,FALSE
1933,PIT,,,FALSE,FALSE
1933,SLA,,,FALSE,FALSE
1933,SLN,,,FALSE,FALSE
1933,WS1,,,TRUE,FALSE
1934,BOS,,,FALSE,FALSE
1934,BRO,,,FALSE,FALSE
1934,BSN,,,FALSE,FALSE
1934,CHA,,,FALSE,FALSE
1934,CHN,,,FALSE,FALSE
1934,CIN,,,FALSE,FALSE
1934,CLE,,,FALSE,FALSE
1934,DET,,,TRUE,FALSE
1934,NY1,,,FALSE,FALSE
1934,NYA,,,FALSE,FALSE
1934,PHA,,,FALSE,FALSE
1934,PHI,,,FALSE,FALSE
1934,PIT,,,FALSE,FALSE
1934,SLA,,,FALSE,FALSE
1934,SLN,,,TRUE,TRUE
1934,WS1,,,FALSE,FALSE
1935,BOS,,,FALSE,FALSE
1935,BRO,,,FALSE,FALSE
1935,BSN,,,FALSE,FALSE
1935,CHA,,,FALSE,FALSE
1935,CHN,,,TRUE,FALSE
1935,CIN,,,FALSE,FALSE
1935,CLE,,,FALSE,FALSE
1935,DET,,,TRUE,TRUE
1935,NY1,,,FALSE,FALSE
1935,NYA,,,FALSE,FALSE
1935,PHA,,,FALSE,FALSE
1935,PHI,,,FALSE,FALSE
1935,PIT,,,FALSE,FALSE
1935,SLA,,,FALSE,FALSE
1935,SLN,,,FALSE,FALSE
1935,WS1,,,FALSE,FALSE
1936,BOS,,,FALSE,FALSE
1936,BRO,,,FALSE,FALSE
1936,BSN,,,FALSE,FALSE
1936,CHA,,,FALSE,FALSE
1936,CHN,,,FALSE,FALSE
1936,CIN,,,FALSE,FALSE
1936,CLE,,,FALSE,FALSE
1936,DET,,,FALSE,FALSE
1936,NY1,,,TRUE,FALSE
1936,NYA,,,TRUE,TRUE
1936,PHA,,,FALSE,FALSE
1936,PHI,,,FALSE,FALSE
1936,PIT,,,FALSE,FALSE
1936,SLA,,,FALSE,FALSE
1936,SLN,,,FALSE,FALSE
1936,WS1,,,FALSE,FALSE
1937,BOS,,,FALSE,FALSE
1937,BRO,,,FALSE,FALSE
1937,BSN,,,FALSE,FALSE
1937,CHA,,,FALSE,FALSE
1937,CHN,,,FALSE,FALSE
1937,CIN,,,FALSE,FALSE
1937,CLE,,,FALSE,FALSE
1937,DET,,,FALSE,FALSE
1937,NY1,,,TRUE,FALSE
1937,NYA,,,TRUE,TRUE
1937,PHA,,,FALSE,FALSE
1937,PHI,,,FALSE,FALSE
1937,PIT,,,FALSE,FALSE
1937,SLA,,,FALSE,FALSE
1937,SLN,,,FALSE,FALSE
1937,WS1,,,FALSE,FALSE
1938,BOS,,,FALSE,FALSE
1938,BRO,,,FALSE,FALSE
1938,BSN,,,FALSE,FALSE
1938,CHA,,,FALSE,FALSE
1938,CHN,,,TRUE,FALSE
1938,CIN,,,FALSE,FALSE
1938,CLE,,,FALSE,FALSE
1938,DET,,,FALSE,FALSE
1938,NY1,,,FALSE,FALSE
1938,NYA,,,TRUE,TRUE
1938,PHA,,,FALSE,FALSE
1938,PHI,,,FALSE,FALSE
1938,PIT,,,FALSE,FALSE
1938,SLA,,,FALSE,FALSE
1938,SLN,,,FALSE,FALSE
1938,WS1,,,FALSE,FALSE
1939,BOS,,,FALSE,FALSE
1939,BRO,,,FALSE,FALSE
1939,BSN,,,FALSE,FALSE
1939,CHA,,,FALSE,FALSE
1939,CHN,,,FALSE,FALSE
1939,CIN,,,TRUE,FALSE
1939,CLE,,,FALSE,FALSE
1939,DET,,,FALSE,FALSE
1939,NY1,,,FALSE,FALSE
1939,NYA,,,TRUE,TRUE
1939,PHA,,,FALSE,FALSE
1939,PHI,,,FALSE,FALSE
1939,PIT,,,FALSE,FALSE
1939,SLA,,,FALSE,FALSE
1939,SLN,,,FALSE,FALSE
1939,WS1,,,FALSE,FALSE
1940,BOS,,,FALSE,FALSE
1940,BRO,,,FALSE,FALSE
1940,BSN,,,FALSE,FALSE
1940,CHA,,,FALSE,FALSE
1940,CHN,,,FALSE,FALSE
1940,CIN,,,TRUE,TRUE
1940,CLE,,,FALSE,FALSE
1940,DET,,,TRUE,FALSE
1940,NY1,,,FALSE,FALSE
1940,NYA,,,FALSE,FALSE
1940,PHA,,,FALSE,FALSE
1940,PHI,,,FALSE,FALSE
1940,PIT,,,FALSE,FALSE
1940,SLA,,,FALSE,FALSE
1940,SLN,,,FALSE,FALSE
1940,WS1,,,FALSE,FALSE
1941,BOS,,,FALSE,FALSE
1941,BRO,,,TRUE,FALSE
1941,BSN,,,FALSE,FALSE
1941,CHA,,,FALSE,FALSE
1941,CHN,,,FALSE,FALSE
1941,CIN,,,FALSE,FALSE
1941,CLE,,,FALSE,FALSE
1941,DET,,,FALSE,FALSE
1941,NY1,,,FALSE,FALSE
1941,NYA,,,TRUE,TRUE
1941,PHA,,,FALSE,FALSE
1941,PHI,,,FALSE,FALSE
1941,PIT,,,FALSE,FALSE
1941,SLA,,,FALSE,FALSE
1941,SLN,,,FALSE,FALSE
1941,WS1,,,FALSE,FALSE
1942,BOS,,,FALSE,FALSE
1942,BRO,,,FALSE,FALSE
1942,BSN,,,FALSE,FALSE
1942,CHA,,,FALSE,FALSE
1942,CHN,,,FALSE,FALSE
1942,CIN,,,FALSE,FALSE
1942,CLE,,,FALSE,FALSE
1942,DET,,,FALSE,FALSE
1942,NY1,,,FALSE,FALSE
1942,NYA,,,TRUE,FALSE
1942,PHA,,,FALSE,FALSE
1942,PHI,,,FALSE,FALSE
1942,PIT,,,FALSE,FALSE
1942,SLA,,,FALSE,FALSE
1942,SLN,,,TRUE,TRUE
1942,WS1,,,FALSE,FALSE
1943,BOS,,,FALSE,FALSE
1943,BRO,,,FALSE,FALSE
1943,BSN,,,FALSE,FALSE
1943,CHA,,,FALSE,FALSE
1943,CHN,,,FALSE,FALSE
1943,CIN,,,FALSE,FALSE
1943,CLE,,,FALSE,FALSE
1943,DET,,,FALSE,FALSE
1943,NY1,,,FALSE,FALSE
1943,NYA,,,TRUE,TRUE
1943,PHA,,,FALSE,FALSE
1943,PHI,,,FALSE,FALSE
1943,PIT,,,FALSE,FALSE
1943,SLA,,,FALSE,FALSE
1943,SLN,,,TRUE,FALSE
1943,WS1,,,FALSE,FALSE
1944,BOS,,,FALSE,FALSE
1944,BRO,,,FALSE,FALSE
1944,BSN,,,FALSE,FALSE
1944,CHA,,,FALSE,FALSE
1944,CHN,,,FALSE,FALSE
1944,CIN,,,FALSE,FALSE
1944,CLE,,,FALSE,FALSE
1944,DET,,,FALSE,FALSE
1944,NY1,,,FALSE,FALSE
1944,NYA,,,FALSE,FALSE
1944,PHA,,,FALSE,FALSE
1944,PHI,,,FALSE,FALSE
1944,PIT,,,FALSE,FALSE
1944,SLA,,,TRUE,FALSE
1944,SLN,,,TRUE,TRUE
1944,WS1,,,FALSE,FALSE
1945,BOS,,,FALSE,FALSE
1945,BRO,,,FALSE,FALSE
1945,BSN,,,FALSE,FALSE
1945,CHA,,,FALSE,FALSE
1945,CHN,,,TRUE,FALSE
1945,CIN,,,FALSE,FALSE
1945,CLE,,,FALSE,FALSE
1945,DET,,,TRUE,TRUE
1945,NY1,,,FALSE,FALSE
1945,NYA,,,FALSE,FALSE
1945,PHA,,,FALSE,FALSE
1945,PHI,,,FALSE,FALSE
1945,PIT,,,FALSE,FALSE
1945,SLA,,,FALSE,FALSE
1945,SLN,,,FALSE,FALSE
1945,WS1,,,FALSE,FALSE
1946,BOS,,,TRUE,FALSE
1946,BRO,,,FALSE,FALSE
1946,BSN,,,FALSE,FALSE
1946,CHA,,,FALSE,FALSE
1946,CHN,,,FALSE,FALSE
1946,CIN,,,FALSE,FALSE
1946,CLE,,,FALSE,FALSE
1946,DET,,,FALSE,FALSE
1946,NY1,,,FALSE,FALSE
1946,NYA,,,FALSE,FALSE
1946,PHA,,,FALSE,FALSE
1946,PHI,,,FALSE,FALSE
1946,PIT,,,FALSE,FALSE
1946,SLA,,,FALSE,FALSE
1946,SLN,,,TRUE,TRUE
1946,WS1,,,FALSE,FALSE
1947,BOS,,,FALSE,FALSE
1947,BRO,,,TRUE,FALSE
1947,BSN,,,FALSE,FALSE
1947,CHA,,,FALSE,FALSE
1947,CHN,,,FALSE,FALSE
1947,CIN,,,FALSE,FALSE
1947,CLE,,,FALSE,FALSE
1947,DET,,,FALSE,FALSE
1947,NY1,,,FALSE,FALSE
1947,NYA,,,TRUE,TRUE
1947,PHA,,,FALSE,FALSE
1947,PHI,,,FALSE,FALSE
1947,PIT,,,FALSE,FALSE
1947,SLA,,,FALSE,FALSE
1947,SLN,,,FALSE,FALSE
1947,WS1,,,FALSE,FALSE
1948,BOS,,,FALSE,FALSE
1948,BRO,,,FALSE,FALSE
1948,BSN,,,TRUE,FALSE
1948,CHA,,,FALSE,FALSE
1948,CHN,,,FALSE,FALSE
1948,CIN,,,FALSE,FALSE
1948,CLE,,,TRUE,TRUE
1948,DET,,,FALSE,FALSE
1948,NY1,,,FALSE,FALSE
1948,NYA,,,FALSE,FALSE
1948,PHA,,,FALSE,FALSE
1948,PHI,,,FALSE,FALSE
1948,PIT,,,FALSE,FALSE
1948,SLA,,,FALSE,FALSE
1948,SLN,,,FALSE,FALSE
1948,WS1,,,FALSE,FALSE
1949,BOS,,,FALSE,FALSE
1949,BRO,,,TRUE,FALSE
1949,BSN,,,FALSE,FALSE
1949,CHA,,,FALSE,FALSE
1949,CHN,,,FALSE,FALSE
1949,CIN,,,FALSE,FALSE
1949,CLE,,,FALSE,FALSE
1949,DET,,,FALSE,FALSE
1949,NY1,,,FALSE,FALSE
1949,NYA,,,TRUE,TRUE
1949,PHA,,,FALSE,FALSE
1949,PHI,,,FALSE,FALSE
1949,PIT,,,FALSE,FALSE
1949,SLA,,,FALSE,FALSE
1949,SLN,,,FALSE,FALSE
1949,WS1,,,FALSE,FALSE
1950,BOS,,,FALSE,FALSE
1950,BRO,,,FALSE,FALSE
1950,BSN,,,FALSE,FALSE
1950,CHA,,,FALSE,FALSE
1950,CHN,,,FALSE,FALSE
1950,CIN,,,FALSE,FALSE
1950,CLE,,,FALSE,FALSE
1950,DET,,,FALSE,FALSE
1950,NY1,,,FALSE,FALSE
1950,NYA,,,TRUE,TRUE
1950,PHA,,,FALSE,FALSE
1950,PHI,,,TRUE,FALSE
1950,PIT,,,FALSE,FALSE
1950,SLA,,,FALSE,FALSE
1950,SLN,,,FALSE,FALSE
1950,WS1,,,FALSE,FALSE
1951,BOS,,,FALSE,FALSE
1951,BRO,,,FALSE,FALSE
1951,BSN,,,FALSE,FALSE
1951,CHA,,,FALSE,FALSE
1951,CHN,,,FALSE,FALSE
1951,CIN,,,FALSE,FALSE
1951,CLE,,,FALSE,FALSE
1951,DET,,,FALSE,FALSE
1951,NY1,,,TRUE,FALSE
1951,NYA,,,TRUE,TRUE
1951,PHA,,,FALSE,FALSE
1951,PHI,,,FALSE,FALSE
1951,PIT,,,FALSE,FALSE
1951,SLA,,,FALSE,FALSE
1951,SLN,,,FALSE,FALSE
1951,WS1,,,FALSE,FALSE
1952,BOS,,,FALSE,FALSE
1952,BRO,,,TRUE,FALSE
1952,BSN,,,FALSE,FALSE
1952,CHA,,,FALSE,FALSE
1952,CHN,,,FALSE,FALSE
1952,CIN,,,FALSE,FALSE
1952,CLE,,,FALSE,FALSE
1952,DET,,,FALSE,FALSE
1952,NY1,,,FALSE,FALSE
1952,NYA,,,TRUE,TRUE
1952,PHA,,,FALSE,FALSE
1952,PHI,,,FALSE,FALSE
1952,PIT,,,FALSE,FALSE
1952,SLA,,,FALSE,FALSE
1952,SLN,,,FALSE,FALSE
1952,WS1,,,FALSE,FALSE
1953,BOS,,,FALSE,FALSE
1953,BRO,,,TRUE,FALSE
1953,CHA,,,FALSE,FALSE
1953,CHN,,,FALSE,FALSE
1953,CIN,,,FALSE,FALSE
1953,CLE,,,FALSE,FALSE
1953,DET,,,FALSE,FALSE
1953,ML1,,,FALSE,FALSE
1953,NY1,,,FALSE,FALSE
1953,NYA,,,TRUE,TRUE
1953,PHA,,,FALSE,FALSE
1953,PHI,,,FALSE,FALSE
1953,PIT,,,FALSE,FALSE
1953,SLA,,,FALSE,FALSE
1953,SLN,,,FALSE,FALSE
1953,WS1,,,FALSE,FALSE
1954,BAL,,,FALSE,FALSE
1954,BOS,,,FALSE,FALSE
1954,BRO,,,FALSE,FALSE
1954,CHA,,,FALSE,FALSE
1954,CHN,,,FALSE,FALSE
1954,CIN,,,FALSE,FALSE
1954,CLE,,,TRUE,FALSE
1954,DET,,,FALSE,FALSE
1954,ML1,,,FALSE,FALSE
1954,NY1,,,TRUE,TRUE
1954,NYA,,,FALSE,FALSE
1954,PHA,,,FALSE,FALSE
1954,PHI,,,FALSE,FALSE
1954,PIT,,,FALSE,FALSE
1954,SLN,,,FALSE,FALSE
1954,WS1,,,FALSE,FALSE
1955,BAL,,,FALSE,FALSE
1955,BOS,,,FALSE,FALSE
1955,BRO,,,TRUE,TRUE
1955,CHA,,,FALSE,FALSE
1955,CHN,,,FALSE,FALSE
1955,CIN,,,FALSE,FALSE
1955,CLE,,,FALSE,FALSE
1955,DET,,,FALSE,FALSE
1955,KC1,,,FALSE,FALSE
1955,ML1,,,FALSE,FALSE
1955,NY1,,,FALSE,FALSE
1955,NYA,,,TRUE,FALSE
1955,PHI,,,FALSE,FALSE
1955,PIT,,,FALSE,FALSE
1955,SLN,,,FALSE,FALSE
1955,WS1,,,FALSE,FALSE
1956,BAL,,,FALSE,FALSE
1956,BOS,,,FALSE,FALSE
1956,BRO,,,TRUE,FALSE
1956,CHA,,,FALSE,FALSE
1956,CHN,,,FALSE,FALSE
1956,CIN,,,FALSE,FALSE
1956,CLE,,,FALSE,FALSE
1956,DET,,,FALSE,FALSE
1956,KC1,,,FALSE,FALSE
1956,ML1,,,FALSE,FALSE
1956,NY1,,,FALSE,FALSE
1956,NYA,,,TRUE,TRUE
1956,PHI,,,FALSE,FALSE
1956,PIT,,,FALSE,FALSE
1956,SLN,,,FALSE,FALSE
1956,WS1,,,FALSE,FALSE
1957,BAL,,,FALSE,FALSE
1957,BOS,,,FALSE,FALSE
1957,BRO,,,FALSE,FALSE
1957,CHA,,,FALSE,FALSE
1957,CHN,,,FALSE,FALSE
1957,CIN,,,FALSE,FALSE
1957,CLE,,,FALSE,FALSE
1957,DET,,,FALSE,FALSE
1957,KC1,,,FALSE,FALSE
1957,ML1,,,TRUE,TRUE
1957,NY1,,,FALSE,FALSE
1957,NYA,,,TRUE,FALSE
1957,PHI,,,FALSE,FALSE
1957,PIT,,,FALSE,FALSE
1957,SLN,,,FALSE,FALSE
1957,WS1,,,FALSE,FALSE
1958,BAL,,,FALSE,FALSE
1958,BOS,,,FALSE,FALSE
1958,CHA,,,FALSE,FALSE
1958,CHN,,,FALSE,FALSE
1958,CIN,,,FALSE,FALSE
1958,CLE,,,FALSE,FALSE
1958,DET,,,FALSE,FALSE
1958,KC1,,,FALSE,FALSE
1958,LAN,,,FALSE,FALSE
1958,ML1,,,TRUE,FALSE
1958,NYA,,,TRUE,TRUE
1958,PHI,,,FALSE,FALSE
1958,PIT,,,FALSE,FALSE
1958,SFN,,,FALSE,FALSE
1958,SLN,,,FALSE,FALSE
1958,WS1,,,FALSE,FALSE
1959,BAL,,,FALSE,FALSE
1959,BOS,,,FALSE,FALSE
1959,CHA,,,TRUE,FALSE
1959,CHN,,,FALSE,FALSE
1959,CIN,,,FALSE,FALSE
1959,CLE,,,FALSE,FALSE
1959,DET,,,FALSE,FALSE
1959,KC1,,,FALSE,FALSE
1959,LAN,,,TRUE,TRUE
1959,ML1,,,FALSE,FALSE
1959,NYA,,,FALSE,FALSE
1959,PHI,,,FALSE,FALSE
1959,PIT,,,FALSE,FALSE
1959,SFN,,,FALSE,FALSE
1959,SLN,,,FALSE,FALSE
1959,WS1,,,FALSE,FALSE
1960,BAL,,,FALSE,FALSE
1960,BOS,,,FALSE,FALSE
1960,CHA,,,FALSE,FALSE
1960,CHN,,,FALSE,FALSE
1960,CIN,,,FALSE,FALSE
1960,CLE,,,FALSE,FALSE
1960,DET,,,FALSE,FALSE
1960,KC1,,,FALSE,FALSE
1960,LAN,,,FALSE,FALSE
1960,ML1,,,FALSE,FALSE
1960,NYA,,,TRUE,FALSE
1960,PHI,,,FALSE,FALSE
1960,PIT,,,TRUE,TRUE
1960,SFN,,,FALSE,FALSE
1960,SLN,,,FALSE,FALSE
1960,WS1,,,FALSE,FALSE
1961,BAL,,,FALSE,FALSE
1961,BOS,,,FALSE,FALSE
1961,CHA,,,FALSE,FALSE
1961,CHN,,,FALSE,FALSE
1961,CIN,,,TRUE,FALSE
1961,CLE,,,FALSE,FALSE
1961,DET,,,FALSE,FALSE
1961,KC1,,,FALSE,FALSE
1961,LAA,,,FALSE,FALSE
1961,LAN,,,FALSE,FALSE
1961,MIN,,,FALSE,FALSE
1961,ML1,,,FALSE,FALSE
1961,NYA,,,TRUE,TRUE
1961,PHI,,,FALSE,FALSE
1961,PIT,,,FALSE,FALSE
1961,SFN,,,FALSE,FALSE
1961,SLN,,,FALSE,FALSE
1961,WS2,,,FALSE,FALSE
1962,BAL,,,FALSE,FALSE
1962,BOS,,,FALSE,FALSE
1962,CHA,,,FALSE,FALSE
1962,CHN,,,FALSE,FALSE
1962,CIN,,,FALSE,FALSE
1962,CLE,,,FALSE,FALSE
1962,DET,,,FALSE,FALSE
1962,HOU,,,FALSE,FALSE
1962,KC1,,,FALSE,FALSE
1962,LAA,,,FALSE,FALSE
1962,LAN,,,FALSE,FALSE
1962,MIN,,,FALSE,FALSE
1962,ML1,,,FALSE,FALSE
1962,NYA,,,TRUE,TRUE
1962,NYN,,,FALSE,FALSE
1962,PHI,,,FALSE,FALSE
1962,PIT,,,FALSE,FALSE
1962,SFN,,,TRUE,FALSE
1962,SLN,,,FALSE,FALSE
1962,WS2,,,FALSE,FALSE
1963,BAL,,,FALSE,FALSE
1963,BOS,,,FALSE,FALSE
1963,CHA,,,FALSE,FALSE
1963,CHN,,,FALSE,FALSE
1963,CIN,,,FALSE,FALSE
1963,CLE,,,FALSE,FALSE
1963,DET,,,FALSE,FALSE
1963,HOU,,,FALSE,FALSE
1963,KC1,,,FALSE,FALSE
1963,LAA,,,FALSE,FALSE
1963,LAN,,,TRUE,TRUE
1963,MIN,,,FALSE,FALSE
1963,ML1,,,FALSE,FALSE
1963,NYA,,,TRUE,FALSE
1963,NYN,,,FALSE,FALSE
1963,PHI,,,FALSE,FALSE
1963,PIT,,,FALSE,FALSE
1963,SFN,,,FALSE,FALSE
1963,SLN,,,FALSE,FALSE
1963,WS2,,,FALSE,FALSE
1964,BAL,,,FALSE,FALSE
1964,BOS,,,FALSE,FALSE
1964,CHA,,,FALSE,FALSE
1964,CHN,,,FALSE,FALSE
1964,CIN,,,FALSE,FALSE
1964,CLE,,,FALSE,FALSE
1964,DET,,,FALSE,FALSE
1964,HOU,,,FALSE,FALSE
1964,KC1,,,FALSE,FALSE
1964,LAA,,,FALSE,FALSE
1964,LAN,,,FALSE,FALSE
1964,MIN,,,FALSE,FALSE
1964,ML1,,,FALSE,FALSE
1964,NYA,,,TRUE,FALSE
1964,NYN,,,FALSE,FALSE
1964,PHI,,,FALSE,FALSE
1964,PIT,,,FALSE,FALSE
1964,SFN,,,FALSE,FALSE
1964,SLN,,,TRUE,TRUE
1964,WS2,,,FALSE,FALSE
1965,BAL,,,FALSE,FALSE
1965,BOS,,,FALSE,FALSE
1965,CAL,,,FALSE,FALSE
1965,CHA,,,FALSE,FALSE
1965,CHN,,,FALSE,FALSE
1965,CIN,,,FALSE,FALSE
1965,CLE,,,FALSE,FALSE
1965,DET,,,FALSE,FALSE
1965,HOU,,,FALSE,FALSE
1965,KC1,,,FALSE,FALSE
1965,LAN,,,TRUE,TRUE
1965,MIN,,,TRUE,FALSE
1965,ML1,,,FALSE,FALSE
1965,NYA,,,FALSE,FALSE
1965,NYN,,,FALSE,FALSE
1965,PHI,,,FALSE,FALSE
1965,PIT,,,FALSE,FALSE
1965,SFN,,,FALSE,FALSE
1965,SLN,,,FALSE,FALSE
1965,WS2,,,FALSE,FALSE
1966,ATL,,,FALSE,FALSE
1966,BAL,,,TRUE,TRUE
1966,BOS,,,FALSE,FALSE
1966,CAL,,,FALSE,FALSE
1966,CHA,,,FALSE,FALSE
1966,CHN,,,FALSE,FALSE
1966,CIN,,,FALSE,FALSE
1966,CLE,,,FALSE,FALSE
1966,DET,,,FALSE,FALSE
1966,HOU,,,FALSE,FALSE
1966,KC1,,,FALSE,FALSE
1966,LAN,,,TRUE,FALSE
1966,MIN,,,FALSE,FALSE
1966,NYA,,,FALSE,FALSE
1966,NYN,,,FALSE,FALSE
1966,PHI,,,FALSE,FALSE
1966,PIT,,,FALSE,FALSE
1966,SFN,,,FALSE,FALSE
1966,SLN,,,FALSE,FALSE
1966,WS2,,,FALSE,FALSE
1967,ATL,,,FALSE,FALSE
1967,BAL,,,FALSE,FALSE
1967,BOS,,,TRUE,FALSE
1967,CAL,,,FALSE,FALSE
1967,CHA,,,FALSE,FALSE
1967,CHN,,,FALSE,FALSE
1967,CIN,,,FALSE,FALSE
1967,CLE,,,FALSE,FALSE
1967,DET,,,FALSE,FALSE
1967,HOU,,,FALSE,FALSE
1967,KC1,,,FALSE,FALSE
1967,LAN,,,FALSE,FALSE
1967,MIN,,,FALSE,FALSE
1967,NYA,,,FALSE,FALSE
1967,NYN,,,FALSE,FALSE
1967,PHI,,,FALSE,FALSE
1967,PIT,,,FALSE,FALSE
1967,SFN,,,FALSE,FALSE
1967,SLN,,,TRUE,TRUE
1967,WS2,,,FALSE,FALSE
1968,ATL,,,FALSE,FALSE
1968,BAL,,,FALSE,FALSE
1968,BOS,,,FALSE,FALSE
1968,CAL,,,FALSE,FALSE
1968,CHA,,,FALSE,FALSE
1968,CHN,,,FALSE,FALSE
1968,CIN,,,FALSE,FALSE
1968,CLE,,,FALSE,FALSE
1968,DET,,,TRUE,TRUE
1968,HOU,,,FALSE,FALSE
1968,LAN,,,FALSE,FALSE
1968,MIN,,,FALSE,FALSE
1968,NYA,,,FALSE,FALSE
1968,NYN,,,FALSE,FALSE
1968,OAK,,,FALSE,FALSE
1968,PHI,,,FALSE,FALSE
1968,PIT,,,FALSE,FALSE
1968,SFN,,,FALSE,FALSE
1968,SLN,,,TRUE,FALSE
1968,WS2,,,FALSE,FALSE
1969,ATL,TRUE,,FALSE,FALSE
1969,BAL,TRUE,,TRUE,FALSE
1969,BOS,FALSE,,FALSE,FALSE
1969,CAL,FALSE,,FALSE,FALSE
1969,CHA,FALSE,,FALSE,FALSE
1969,CHN,FALSE,,FALSE,FALSE
1969,CIN,FALSE,,FALSE,FALSE
1969,CLE,FALSE,,FALSE,FALSE
1969,DET,FALSE,,FALSE,FALSE
1969,HOU,FALSE,,FALSE,FALSE
1969,KCA,FALSE,,FALSE,FALSE
1969,LAN,FALSE,,FALSE,FALSE
1969,MIN,TRUE,,FALSE,FALSE
1969,MON,FALSE,,FALSE,FALSE
1969,NYA,FALSE,,FALSE,FALSE
1969,NYN,TRUE,,TRUE,TRUE
1969,OAK,FALSE,,FALSE,FALSE
1969,PHI,FALSE,,FALSE,FALSE
1969,PIT,FALSE,,FALSE,FALSE
1969,SDN,FALSE,,FALSE,FALSE
1969,SE1,FALSE,,FALSE,FALSE
1969,SFN,FALSE,,FALSE,FALSE
1969,SLN,FALSE,,FALSE,FALSE
1969,WS2,FALSE,,FALSE,FALSE
1970,ATL,FALSE,,FALSE,FALSE
1970,BAL,TRUE,,TRUE,TRUE
1970,BOS,FALSE,,FALSE,FALSE
1970,CAL,FALSE,,FALSE,FALSE
1970,CHA,FALSE,,FALSE,FALSE
1970,CHN,FALSE,,FALSE,FALSE
1970,CIN,TRUE,,TRUE,FALSE
1970,CLE,FALSE,,FALSE,FALSE
1970,DET,FALSE,,FALSE,FALSE
1970,HOU,FALSE,,FALSE,FALSE
1970,KCA,FALSE,,FALSE,FALSE
1970,LAN,FALSE,,FALSE,FALSE
1970,MIN,TRUE,,FALSE,FALSE
1970,ML4,FALSE,,FALSE,FALSE
1970,MON,FALSE,,FALSE,FALSE
1970,NYA,FALSE,,FALSE,FALSE
1970,NYN,FALSE,,FALSE,FALSE
1970,OAK,FALSE,,FALSE,FALSE
1970,PHI,FALSE,,FALSE,FALSE
1970,PIT,TRUE,,FALSE,FALSE
1970,SDN,FALSE,,FALSE,FALSE
1970,SFN,FALSE,,FALSE,FALSE
1970,SLN,FALSE,,FALSE,FALSE
1970,WS2,FALSE,,FALSE,FALSE
1971,ATL,FALSE,,FALSE,FALSE
1971,BAL,TRUE,,TRUE,FALSE
1971,BOS,FALSE,,FALSE,FALSE
1971,CAL,FALSE,,FALSE,FALSE
1971,CHA,FALSE,,FALSE,FALSE
1971,CHN,FALSE,,FALSE,FALSE
1971,CIN,FALSE,,FALSE,FALSE
1971,CLE,FALSE,,FALSE,FALSE
1971,DET,FALSE,,FALSE,FALSE
1971,HOU,FALSE,,FALSE,FALSE
1971,KCA,FALSE,,FALSE,FALSE
1971,LAN,FALSE,,FALSE,FALSE
1971,MIN,FALSE,,FALSE,FALSE
1971,ML4,FALSE,,FALSE,FALSE
1971,MON,FALSE,,FALSE,FALSE
1971,NYA,FALSE,,FALSE,FALSE
1971,NYN,FALSE,,FALSE,FALSE
1971,OAK,TRUE,,FALSE,FALSE
1971,PHI,FALSE,,FALSE,FALSE
1971,PIT,TRUE,,TRUE,TRUE
1971,SDN,FALSE,,FALSE,FALSE
1971,SFN,TRUE,,FALSE,FALSE
1971,SLN,FALSE,,FALSE,FALSE
1971,WS2,FALSE,,FALSE,FALSE
1972,ATL,FALSE,,FALSE,FALSE
1972,BAL,FALSE,,FALSE,FALSE
1972,BOS,FALSE,,FALSE,FALSE
1972,CAL,FALSE,,FALSE,FALSE
1972,CHA,FALSE,,FALSE,FALSE
1972,CHN,FALSE,,FALSE,FALSE
1972,CIN,TRUE,,TRUE,FALSE
1972,CLE,FALSE,,FALSE,FALSE
1972,DET,TRUE,,FALSE,FALSE
1972,HOU,FALSE,,FALSE,FALSE
1972,KCA,FALSE,,FALSE,FALSE
1972,LAN,FALSE,,FALSE,FALSE
1972,MIN,FALSE,,FALSE,FALSE
1972,ML4,FALSE,,FALSE,FALSE
1972,MON,FALSE,,FALSE,FALSE
1972,NYA,FALSE,,FALSE,FALSE
1972,NYN,FALSE,,FALSE,FALSE
1972,OAK,TRUE,,TRUE,TRUE
1972,PHI,FALSE,,FALSE,FALSE
1972,PIT,TRUE,,FALSE,FALSE
1972,SDN,FALSE,,FALSE,FALSE
1972,SFN,FALSE,,FALSE,FALSE
1972,SLN,FALSE,,FALSE,FALSE
1972,TEX,FALSE,,FALSE,FALSE
1973,ATL,FALSE,,FALSE,FALSE
1973,BAL,TRUE,,FALSE,FALSE
1973,BOS,FALSE,,FALSE,FALSE
1973,CAL,FALSE,,FALSE,FALSE
1973,CHA,FALSE,,FALSE,FALSE
1973,CHN,FALSE,,FALSE,FALSE
1973,CIN,TRUE,,FALSE,FALSE
1973,CLE,FALSE,,FALSE,FALSE
1973,DET,FALSE,,FALSE,FALSE
1973,HOU,FALSE,,FALSE,FALSE
1973,KCA,FALSE,,FALSE,FALSE
1973,LAN,FALSE,,FALSE,FALSE
1973,MIN,FALSE,,FALSE,FALSE
1973,ML4,FALSE,,FALSE,FALSE
1973,MON,FALSE,,FALSE,FALSE
1973,NYA,FALSE,,FALSE,FALSE
1973,NYN,TRUE,,TRUE,FALSE
1973,OAK,TRUE,,TRUE,TRUE
1973,PHI,FALSE,,FALSE,FALSE
1973,PIT,FALSE,,FALSE,FALSE
1973,SDN,FALSE,,FALSE,FALSE
1973,SFN,FALSE,,FALSE,FALSE
1973,SLN,FALSE,,FALSE,FALSE
1973,TEX,FALSE,,FALSE,FALSE
1974,ATL,FALSE,,FALSE,FALSE
1974,BAL,TRUE,,FALSE,FALSE
1974,BOS,FALSE,,FALSE,FALSE
1974,CAL,FALSE,,FALSE,FALSE
1974,CHA,FALSE,,FALSE,FALSE
1974,CHN,FALSE,,FALSE,FALSE
1974,CIN,FALSE,,FALSE,FALSE
1974,CLE,FALSE,,FALSE,FALSE
1974,DET,FALSE,,FALSE,FALSE
1974,HOU,FALSE,,FALSE,FALSE
1974,KCA,FALSE,,FALSE,FALSE
1974,LAN,TRUE,,TRUE,FALSE
1974,MIN,FALSE,,FALSE,FALSE
1974,ML4,FALSE,,FALSE,FALSE
1974,MON,FALSE,,FALSE,FALSE
1974,NYA,FALSE,,FALSE,FALSE
1974,NYN,FALSE,,FALSE,FALSE
1974,OAK,TRUE,,TRUE,TRUE
1974,PHI,FALSE,,FALSE,FALSE
1974,PIT,TRUE,,FALSE,FALSE
1974,SDN,FALSE,,FALSE,FALSE
1974,SFN,FALSE,,FALSE,FALSE
1974,SLN,FALSE,,FALSE,FALSE
1974,TEX,FALSE,,FALSE,FALSE
1975,ATL,FALSE,,FALSE,FALSE
1975,BAL,FALSE,,FALSE,FALSE
1975,BOS,TRUE,,TRUE,FALSE
1975,CAL,FALSE,,FALSE,FALSE
1975,CHA,FALSE,,FALSE,FALSE
1975,CHN,FALSE,,FALSE,FALSE
1975,CIN,TRUE,,TRUE,TRUE
1975,CLE,FALSE,,FALSE,FALSE
1975,DET,FALSE,,FALSE,FALSE
1975,HOU,FALSE,,FALSE,FALSE
1975,KCA,FALSE,,FALSE,FALSE
1975,LAN,FALSE,,FALSE,FALSE
1975,MIN,FALSE,,FALSE,FALSE
1975,ML4,FALSE,,FALSE,FALSE
1975,MON,FALSE,,FALSE,FALSE
1975,NYA,FALSE,,FALSE,FALSE
1975,NYN,FALSE,,FALSE,FALSE
1975,OAK,TRUE,,FALSE,FALSE
1975,PHI,FALSE,,FALSE,FALSE
1975,PIT,TRUE,,FALSE,FALSE
1975,SDN,FALSE,,FALSE,FALSE
1975,SFN,FALSE,,FALSE,FALSE
1975,SLN,FALSE,,FALSE,FALSE
1975,TEX,FALSE,,FALSE,FALSE
1976,ATL,FALSE,,FALSE,FALSE
1976,BAL,FALSE,,FALSE,FALSE
1976,BOS,FALSE,,FALSE,FALSE
1976,CAL,FALSE,,FALSE,FALSE
1976,CHA,FALSE,,FALSE,FALSE
1976,CHN,FALSE,,FALSE,FALSE
1976,CIN,TRUE,,TRUE,TRUE
1976,CLE,FALSE,,FALSE,FALSE
1976,DET,FALSE,,FALSE,FALSE
1976,HOU,FALSE,,FALSE,FALSE
1976,KCA,TRUE,,FALSE,FALSE
1976,LAN,FALSE,,FALSE,FALSE
1976,MIN,FALSE,,FALSE,FALSE
1976,ML4,FALSE,,FALSE,FALSE
1976,MON,FALSE,,FALSE,FALSE
1976,NYA,TRUE,,TRUE,FALSE
1976,NYN,FALSE,,FALSE,FALSE
1976,OAK,FALSE,,FALSE,FALSE
1976,PHI,TRUE,,FALSE,FALSE
1976,PIT,FALSE,,FALSE,FALSE
1976,SDN,FALSE,,FALSE,FALSE
1976,SFN,FALSE,,FALSE,FALSE
1976,SLN,FALSE,,FALSE,FALSE
1976,TEX,FALSE,,FALSE,FALSE
1977,ATL,FALSE,,FALSE,FALSE
1977,BAL,FALSE,,FALSE,FALSE
1977,BOS,FALSE,,FALSE,FALSE
1977,CAL,FALSE,,FALSE,FALSE
1977,CHA,FALSE,,FALSE,FALSE
1977,CHN,FALSE,,FALSE,FALSE
1977,CIN,FALSE,,FALSE,FALSE
1977,CLE,FALSE,,FALSE,FALSE
1977,DET,FALSE,,FALSE,FALSE
1977,HOU,FALSE,,FALSE,FALSE
1977,KCA,TRUE,,FALSE,FALSE
1977,LAN,TRUE,,TRUE,FALSE
1977,MIN,FALSE,,FALSE,FALSE
1977,ML4,FALSE,,FALSE,FALSE
1977,MON,FALSE,,FALSE,FALSE
1977,NYA,TRUE,,TRUE,TRUE
1977,NYN,FALSE,,FALSE,FALSE
1977,OAK,FALSE,,FALSE,FALSE
1977,PHI,TRUE,,FALSE,FALSE
1977,PIT,FALSE,,FALSE,FALSE
1977,SDN,FALSE,,FALSE,FALSE
1977,SEA,FALSE,,FALSE,FALSE
1977,SFN,FALSE,,FALSE,FALSE
1977,SLN,FALSE,,FALSE,FALSE
1977,TEX,FALSE,,FALSE,FALSE
1977,TOR,FALSE,,FALSE,FALSE
1978,ATL,FALSE,,FALSE,FALSE
1978,BAL,FALSE,,FALSE,FALSE
1978,BOS,FALSE,,FALSE,FALSE
1978,CAL,FALSE,,FALSE,FALSE
1978,CHA,FALSE,,FALSE,FALSE
1978,CHN,FALSE,,FALSE,FALSE
1978,CIN,FALSE,,FALSE,FALSE
1978,CLE,FALSE,,FALSE,FALSE
1978,DET,FALSE,,FALSE,FALSE
1978,HOU,FALSE,,FALSE,FALSE
1978,KCA,TRUE,,FALSE,FALSE
1978,LAN,TRUE,,TRUE,FALSE
1978,MIN,FALSE,,FALSE,FALSE
1978,ML4,FALSE,,FALSE,FALSE
1978,MON,FALSE,,FALSE,FALSE
1978,NYA,TRUE,,TRUE,TRUE
1978,NYN,FALSE,,FALSE,FALSE
1978,OAK,FALSE,,FALSE,FALSE
1978,PHI,TRUE,,FALSE,FALSE
1978,PIT,FALSE,,FALSE,FALSE
1978,SDN,FALSE,,FALSE,FALSE
1978,SEA,FALSE,,FALSE,FALSE
1978,SFN,FALSE,,FALSE,FALSE
1978,SLN,FALSE,,FALSE,FALSE
1978,TEX,FALSE,,FALSE,FALSE
1978,TOR,FALSE,,FALSE,FALSE
1979,ATL,FALSE,,FALSE,FALSE
1979,BAL,TRUE,,TRUE,FALSE
1979,BOS,FALSE,,FALSE,FALSE
1979,CAL,TRUE,,FALSE,FALSE
1979,CHA,FALSE,,FALSE,FALSE
1979,CHN,FALSE,,FALSE,FALSE
1979,CIN,TRUE,,FALSE,FALSE
1979,CLE,FALSE,,FALSE,FALSE
1979,DET,FALSE,,FALSE,FALSE
1979,HOU,FALSE,,FALSE,FALSE
1979,KCA,FALSE,,FALSE,FALSE
1979,LAN,FALSE,,FALSE,FALSE
1979,MIN,FALSE,,FALSE,FALSE
1979,ML4,FALSE,,FALSE,FALSE
1979,MON,FALSE,,FALSE,FALSE
1979,NYA,FALSE,,FALSE,FALSE
1979,NYN,FALSE,,FALSE,FALSE
1979,OAK,FALSE,,FALSE,FALSE
1979,PHI,FALSE,,FALSE,FALSE
1979,PIT,TRUE,,TRUE,TRUE
1979,SDN,FALSE,,FALSE,FALSE
1979,SEA,FALSE,,FALSE,FALSE
1979,SFN,FALSE,,FALSE,FALSE
1979,SLN,FALSE,,FALSE,FALSE
1979,TEX,FALSE,,FALSE,FALSE
1979,TOR,FALSE,,FALSE,FALSE
1980,ATL,FALSE,,FALSE,FALSE
1980,BAL,FALSE,,FALSE,FALSE
1980,BOS,FALSE,,FALSE,FALSE
1980,CAL,FALSE,,FALSE,FALSE
1980,CHA,FALSE,,FALSE,FALSE
1980,CHN,FALSE,,FALSE,FALSE
1980,CIN,FALSE,,FALSE,FALSE
1980,CLE,FALSE,,FALSE,FALSE
1980,DET,FALSE,,FALSE,FALSE
1980,HOU,TRUE,,FALSE,FALSE
1980,KCA,TRUE,,TRUE,FALSE
1980,LAN,FALSE,,FALSE,FALSE
1980,MIN,FALSE,,FALSE,FALSE
1980,ML4,FALSE,,FALSE,FALSE
1980,MON,FALSE,,FALSE,FALSE
1980,NYA,TRUE,,FALSE,FALSE
1980,NYN,FALSE,,FALSE,FALSE
1980,OAK,FALSE,,FALSE,FALSE
1980,PHI,TRUE,,TRUE,TRUE
1980,PIT,FALSE,,FALSE,FALSE
1980,SDN,FALSE,,FALSE,FALSE
1980,SEA,FALSE,,FALSE,FALSE
1980,SFN,FALSE,,FALSE,FALSE
1980,SLN,FALSE,,FALSE,FALSE
1980,TEX,FALSE,,FALSE,FALSE
1980,TOR,FALSE,,FALSE,FALSE
1981,ATL,FALSE,,FALSE,FALSE
1981,BAL,FALSE,,FALSE,FALSE
1981,BOS,FALSE,,FALSE,FALSE
1981,CAL,FALSE,,FALSE,FALSE
1981,CHA,FALSE,,FALSE,FALSE
1981,CHN,FALSE,,FALSE,FALSE
1981,CIN,FALSE,,FALSE,FALSE
1981,CLE,FALSE,,FALSE,FALSE
1981,DET,FALSE,,FALSE,FALSE
1981,HOU,TRUE,,FALSE,FALSE
1981,KCA,TRUE,,FALSE,FALSE
1981,LAN,TRUE,,TRUE,TRUE
1981,MIN,FALSE,,FALSE,FALSE
1981,ML4,TRUE,,FALSE,FALSE
1981,MON,TRUE,,FALSE,FALSE
1981,NYA,TRUE,,TRUE,FALSE
1981,NYN,FALSE,,FALSE,FALSE
1981,OAK,TRUE,,FALSE,FALSE
1981,PHI,TRUE,,FALSE,FALSE
1981,PIT,FALSE,,FALSE,FALSE
1981,SDN,FALSE,,FALSE,FALSE
1981,SEA,FALSE,,FALSE,FALSE
1981,SFN,FALSE,,FALSE,FALSE
1981,SLN,FALSE,,FALSE,FALSE
1981,TEX,FALSE,,FALSE,FALSE
1981,TOR,FALSE,,FALSE,FALSE
1982,ATL,TRUE,,FALSE,FALSE
1982,BAL,FALSE,,FALSE,FALSE
1982,BOS,FALSE,,FALSE,FALSE
1982,CAL,TRUE,,FALSE,FALSE
1982,CHA,FALSE,,FALSE,FALSE
1982,CHN,FALSE,,FALSE,FALSE
1982,CIN,FALSE,,FALSE,FALSE
1982,CLE,FALSE,,FALSE,FALSE
1982,DET,FALSE,,FALSE,FALSE
1982,HOU,FALSE,,FALSE,FALSE
1982,KCA,FALSE,,FALSE,FALSE
1982,LAN,FALSE,,FALSE,FALSE
1982,MIN,FALSE,,FALSE,FALSE
1982,ML4,TRUE,,TRUE,FALSE
1982,MON,FALSE,,FALSE,FALSE
1982,NYA,FALSE,,FALSE,FALSE
1982,NYN,FALSE,,FALSE,FALSE
1982,OAK,FALSE,,FALSE,FALSE
1982,PHI,FALSE,,FALSE,FALSE
1982,PIT,FALSE,,FALSE,FALSE
1982,SDN,FALSE,,FALSE,FALSE
1982,SEA,FALSE,,FALSE,FALSE
1982,SFN,FALSE,,FALSE,FALSE
1982,SLN,TRUE,,TRUE,TRUE
1982,TEX,FALSE,,FALSE,FALSE
1982,TOR,FALSE,,FALSE,FALSE
1983,ATL,FALSE,,FALSE,FALSE
1983,BAL,TRUE,,TRUE,TRUE
1983,BOS,FALSE,,FALSE,FALSE
1983,CAL,FALSE,,FALSE,FALSE
1983,CHA,TRUE,,FALSE,FALSE
1983,CHN,FALSE,,FALSE,FALSE
1983,CIN,FALSE,,FALSE,FALSE
1983,CLE,FALSE,,FALSE,FALSE
1983,DET,FALSE,,FALSE,FALSE
1983,HOU,FALSE,,FALSE,FALSE
1983,KCA,FALSE,,FALSE,FALSE
1983,LAN,TRUE,,FALSE,FALSE
1983,MIN,FALSE,,FALSE,FALSE
1983,ML4,FALSE,,FALSE,FALSE
1983,MON,FALSE,,FALSE,FALSE
1983,NYA,FALSE,,FALSE,FALSE
1983,NYN,FALSE,,FALSE,FALSE
1983,OAK,FALSE,,FALSE,FALSE
1983,PHI,TRUE,,TRUE,FALSE
1983,PIT,FALSE,,FALSE,FALSE
1983,SDN,FALSE,,FALSE,FALSE
1983,SEA,FALSE,,FALSE,FALSE
1983,SFN,FALSE,,FALSE,FALSE
1983,SLN,FALSE,,FALSE,FALSE
1983,TEX,FALSE,,FALSE,FALSE
1983,TOR,FALSE,,FALSE,FALSE
1984,ATL,FALSE,,FALSE,FALSE
1984,BAL,FALSE,,FALSE,FALSE
1984,BOS,FALSE,,FALSE,FALSE
1984,CAL,FALSE,,FALSE,FALSE
1984,CHA,FALSE,,FALSE,FALSE
1984,CHN,TRUE,,FALSE,FALSE
1984,CIN,FALSE,,FALSE,FALSE
1984,CLE,FALSE,,FALSE,FALSE
1984,DET,TRUE,,TRUE,TRUE
1984,HOU,FALSE,,FALSE,FALSE
1984,KCA,TRUE,,FALSE,FALSE
1984,LAN,FALSE,,FALSE,FALSE
1984,MIN,FALSE,,FALSE,FALSE
1984,ML4,FALSE,,FALSE,FALSE
1984,MON,FALSE,,FALSE,FALSE
1984,NYA,FALSE,,FALSE,FALSE
1984,NYN,FALSE,,FALSE,FALSE
1984,OAK,FALSE,,FALSE,FALSE
1984,PHI,FALSE,,FALSE,FALSE
1984,PIT,FALSE,,FALSE,FALSE
1984,SDN,TRUE,,TRUE,FALSE
1984,SEA,FALSE,,FALSE,FALSE
1984,SFN,FALSE,,FALSE,FALSE
1984,SLN,FALSE,,FALSE,FALSE
1984,TEX,FALSE,,FALSE,FALSE
1984,TOR,FALSE,,FALSE,FALSE
1985,ATL,FALSE,,FALSE,FALSE
1985,BAL,FALSE,,FALSE,FALSE
1985,BOS,FALSE,,FALSE,FALSE
1985,CAL,FALSE,,FALSE,FALSE
1985,CHA,FALSE,,FALSE,FALSE
1985,CHN,FALSE,,FALSE,FALSE
1985,CIN,FALSE,,FALSE,FALSE
1985,CLE,FALSE,,FALSE,FALSE
1985,DET,FALSE,,FALSE,FALSE
1985,HOU,FALSE,,FALSE,FALSE
1985,KCA,TRUE,,TRUE,TRUE
1985,LAN,TRUE,,FALSE,FALSE
1985,MIN,FALSE,,FALSE,FALSE
1985,ML4,FALSE,,FALSE,FALSE
1985,MON,FALSE,,FALSE,FALSE
1985,NYA,FALSE,,FALSE,FALSE
1985,NYN,FALSE,,FALSE,FALSE
1985,OAK,FALSE,,FALSE,FALSE
1985,PHI,FALSE,,FALSE,FALSE
1985,PIT,FALSE,,FALSE,FALSE
1985,SDN,FALSE,,FALSE,FALSE
1985,SEA,FALSE,,FALSE,FALSE
1985,SFN,FALSE,,FALSE,FALSE
1985,SLN,TRUE,,TRUE,FALSE
1985,TEX,FALSE,,FALSE,FALSE
1985,TOR,TRUE,,FALSE,FALSE
1986,ATL,FALSE,,FALSE,FALSE
1986,BAL,FALSE,,FALSE,FALSE
1986,BOS,TRUE,,TRUE,FALSE
1986,CAL,TRUE,,FALSE,FALSE
1986,CHA,FALSE,,FALSE,FALSE
1986,CHN,FALSE,,FALSE,FALSE
1986,CIN,FALSE,,FALSE,FALSE
1986,CLE,FALSE,,FALSE,FALSE
1986,DET,FALSE,,FALSE,FALSE
1986,HOU,TRUE,,FALSE,FALSE
1986,KCA,FALSE,,FALSE,FALSE
1986,LAN,FALSE,,FALSE,FALSE
1986,MIN,FALSE,,FALSE,FALSE
1986,ML4,FALSE,,FALSE,FALSE
1986,MON,FALSE,,FALSE,FALSE
1986,NYA,FALSE,,FALSE,FALSE
1986,NYN,TRUE,,TRUE,TRUE
1986,OAK,FALSE,,FALSE,FALSE
1986,PHI,FALSE,,FALSE,FALSE
1986,PIT,FALSE,,FALSE,FALSE
1986,SDN,FALSE,,FALSE,FALSE
1986,SEA,FALSE,,FALSE,FALSE
1986,SFN,FALSE,,FALSE,FALSE
1986,SLN,FALSE,,FALSE,FALSE
1986,TEX,FALSE,,FALSE,FALSE
1986,TOR,FALSE,,FALSE,FALSE
1987,ATL,FALSE,,FALSE,FALSE
1987,BAL,FALSE,,FALSE,FALSE
1987,BOS,FALSE,,FALSE,FALSE
1987,CAL,FALSE,,FALSE,FALSE
1987,CHA,FALSE,,FALSE,FALSE
1987,CHN,FALSE,,FALSE,FALSE
1987,CIN,FALSE,,FALSE,FALSE
1987,CLE,FALSE,,FALSE,FALSE
1987,DET,TRUE,,FALSE,FALSE
1987,HOU,FALSE,,FALSE,FALSE
1987,KCA,FALSE,,FALSE,FALSE
1987,LAN,FALSE,,FALSE,FALSE
1987,MIN,TRUE,,TRUE,TRUE
1987,ML4,FALSE,,FALSE,FALSE
1987,MON,FALSE,,FALSE,FALSE
1987,NYA,FALSE,,FALSE,FALSE
1987,NYN,FALSE,,FALSE,FALSE
1987,OAK,FALSE,,FALSE,FALSE
1987,PHI,FALSE,,FALSE,FALSE
1987,PIT,FALSE,,FALSE,FALSE
1987,SDN,FALSE,,FALSE,FALSE
1987,SEA,FALSE,,FALSE,FALSE
1987,SFN,TRUE,,FALSE,FALSE
1987,SLN,TRUE,,TRUE,FALSE
1987,TEX,FALSE,,FALSE,FALSE
1987,TOR,FALSE,,FALSE,FALSE
1988,ATL,FALSE,,FALSE,FALSE
1988,BAL,FALSE,,FALSE,FALSE
1988,BOS,TRUE,,FALSE,FALSE
1988,CAL,FALSE,,FALSE,FALSE
1988,CHA,FALSE,,FALSE,FALSE
1988,CHN,FALSE,,FALSE,FALSE
1988,CIN,FALSE,,FALSE,FALSE
1988,CLE,FALSE,,FALSE,FALSE
1988,DET,FALSE,,FALSE,FALSE
1988,HOU,FALSE,,FALSE,FALSE
1988,KCA,FALSE,,FALSE,FALSE
1988,LAN,TRUE,,TRUE,TRUE
1988,MIN,FALSE,,FALSE,FALSE
1988,ML4,FALSE,,FALSE,FALSE
1988,MON,FALSE,,FALSE,FALSE
1988,NYA,FALSE,,FALSE,FALSE
1988,NYN,TRUE,,FALSE,FALSE
1988,OAK,TRUE,,TRUE,FALSE
1988,PHI,FALSE,,FALSE,FALSE
1988,PIT,FALSE,,FALSE,FALSE
1988,SDN,FALSE,,FALSE,FALSE
1988,SEA,FALSE,,FALSE,FALSE
1988,SFN,FALSE,,FALSE,FALSE
1988,SLN,FALSE,,FALSE,FALSE
1988,TEX,FALSE,,FALSE,FALSE
1988,TOR,FALSE,,FALSE,FALSE
1989,ATL,FALSE,,FALSE,FALSE
1989,BAL,FALSE,,FALSE,FALSE
1989,BOS,FALSE,,FALSE,FALSE
1989,CAL,FALSE,,FALSE,FALSE
1989,CHA,FALSE,,FALSE,FALSE
1989,CHN,TRUE,,FALSE,FALSE
1989,CIN,FALSE,,FALSE,FALSE
1989,CLE,FALSE,,FALSE,FALSE
1989,DET,FALSE,,FALSE,FALSE
1989,HOU,FALSE,,FALSE,FALSE
1989,KCA,FALSE,,FALSE,FALSE
1989,LAN,FALSE,,FALSE,FALSE
1989,MIN,FALSE,,FALSE,FALSE
1989,ML4,FALSE,,FALSE,FALSE
1989,MON,FALSE,,FALSE,FALSE
1989,NYA,FALSE,,FALSE,FALSE
1989,NYN,FALSE,,FALSE,FALSE
1989,OAK,TRUE,,TRUE,TRUE
1989,PHI,FALSE,,FALSE,FALSE
1989,PIT,FALSE,,FALSE,FALSE
1989,SDN,FALSE,,FALSE,FALSE
1989,SEA,FALSE,,FALSE,FALSE
1989,SFN,TRUE,,TRUE,FALSE
1989,SLN,FALSE,,FALSE,FALSE
1989,TEX,FALSE,,FALSE,FALSE
1989,TOR,TRUE,,FALSE,FALSE
1990,ATL,FALSE,,FALSE,FALSE
1990,BAL,FALSE,,FALSE,FALSE
1990,BOS,TRUE,,FALSE,FALSE
1990,CAL,FALSE,,FALSE,FALSE
1990,CHA,FALSE,,FALSE,FALSE
1990,CHN,FALSE,,FALSE,FALSE
1990,CIN,TRUE,,TRUE,TRUE
1990,CLE,FALSE,,FALSE,FALSE
1990,DET,FALSE,,FALSE,FALSE
1990,HOU,FALSE,,FALSE,FALSE
1990,KCA,FALSE,,FALSE,FALSE
1990,LAN,FALSE,,FALSE,FALSE
1990,MIN,FALSE,,FALSE,FALSE
1990,ML4,FALSE,,FALSE,FALSE
1990,MON,FALSE,,FALSE,FALSE
1990,NYA,FALSE,,FALSE,FALSE
1990,NYN,FALSE,,FALSE,FALSE
1990,OAK,TRUE,,TRUE,FALSE
1990,PHI,FALSE,,FALSE,FALSE
1990,PIT,TRUE,,FALSE,FALSE
1990,SDN,FALSE,,FALSE,FALSE
1990,SEA,FALSE,,FALSE,FALSE
1990,SFN,FALSE,,FALSE,FALSE
1990,SLN,FALSE,,FALSE,FALSE
1990,TEX,FALSE,,FALSE,FALSE
1990,TOR,FALSE,,FALSE,FALSE
1991,ATL,TRUE,,TRUE,FALSE
1991,BAL,FALSE,,FALSE,FALSE
1991,BOS,FALSE,,FALSE,FALSE
1991,CAL,FALSE,,FALSE,FALSE
1991,CHA,FALSE,,FALSE,FALSE
1991,CHN,FALSE,,FALSE,FALSE
1991,CIN,FALSE,,FALSE,FALSE
1991,CLE,FALSE,,FALSE,FALSE
1991,DET,FALSE,,FALSE,FALSE
1991,HOU,FALSE,,FALSE,FALSE
1991,KCA,FALSE,,FALSE,FALSE
1991,LAN,FALSE,,FALSE,FALSE
1991,MIN,TRUE,,TRUE,TRUE
1991,ML4,FALSE,,FALSE,FALSE
1991,MON,FALSE,,FALSE,FALSE
1991,NYA,FALSE,,FALSE,FALSE
1991,NYN,FALSE,,FALSE,FALSE
1991,OAK,FALSE,,FALSE,FALSE
1991,PHI,FALSE,,FALSE,FALSE
1991,PIT,TRUE,,FALSE,FALSE
1991,SDN,FALSE,,FALSE,FALSE
1991,SEA,FALSE,,FALSE,FALSE
1991,SFN,FALSE,,FALSE,FALSE
1991,SLN,FALSE,,FALSE,FALSE
1991,TEX,FALSE,,FALSE,FALSE
1991,TOR,TRUE,,FALSE,FALSE
1992,ATL,TRUE,,TRUE,FALSE
1992,BAL,FALSE,,FALSE,FALSE
1992,BOS,FALSE,,FALSE,FALSE
1992,CAL,FALSE,,FALSE,FALSE
1992,CHA,FALSE,,FALSE,FALSE
1992,CHN,FALSE,,FALSE,FALSE
1992,CIN,FALSE,,FALSE,FALSE
1992,CLE,FALSE,,FALSE,FALSE
1992,DET,FALSE,,FALSE,FALSE
1992,HOU,FALSE,,FALSE,FALSE
1992,KCA,FALSE,,FALSE,FALSE
1992,LAN,FALSE,,FALSE,FALSE
1992,MIN,FALSE,,FALSE,FALSE
1992,ML4,FALSE,,FALSE,FALSE
1992,MON,FALSE,,FALSE,FALSE
1992,NYA,FALSE,,FALSE,FALSE
1992,NYN,FALSE,,FALSE,FALSE
1992,OAK,TRUE,,FALSE,FALSE
1992,PHI,FALSE,,FALSE,FALSE
1992,PIT,TRUE,,FALSE,FALSE
1992,SDN,FALSE,,FALSE,FALSE
1992,SEA,FALSE,,FALSE,FALSE
1992,SFN,FALSE,,FALSE,FALSE
1992,SLN,FALSE,,FALSE,FALSE
1992,TEX,FALSE,,FALSE,FALSE
1992,TOR,TRUE,,TRUE,TRUE
1993,ATL,TRUE,,FALSE,FALSE
1993,BAL,FALSE,,FALSE,FALSE
1993,BOS,FALSE,,FALSE,FALSE
1993,CAL,FALSE,,FALSE,FALSE
1993,CHA,TRUE,,FALSE,FALSE
1993,CHN,FALSE,,FALSE,FALSE
1993,CIN,FALSE,,FALSE,FALSE
1993,CLE,FALSE,,FALSE,FALSE
1993,COL,FALSE,,FALSE,FALSE
1993,DET,FALSE,,FALSE,FALSE
1993,FLO,FALSE,,FALSE,FALSE
1993,HOU,FALSE,,FALSE,FALSE
1993,KCA,FALSE,,FALSE,FALSE
1993,LAN,FALSE,,FALSE,FALSE
1993,MIN,FALSE,,FALSE,FALSE
1993,ML4,FALSE,,FALSE,FALSE
1993,MON,FALSE,,FALSE,FALSE
1993,NYA,FALSE,,FALSE,FALSE
1993,NYN,FALSE,,FALSE,FALSE
1993,OAK,FALSE,,FALSE,FALSE
1993,PHI,TRUE,,TRUE,FALSE
1993,PIT,FALSE,,FALSE,FALSE
1993,SDN,FALSE,,FALSE,FALSE
1993,SEA,FALSE,,FALSE,FALSE
1993,SFN,FALSE,,FALSE,FALSE
1993,SLN,FALSE,,FALSE,FALSE
1993,TEX,FALSE,,FALSE,FALSE
1993,TOR,TRUE,,TRUE,TRUE
1994,ATL,,,,
1994,BAL,,,,
1994,BOS,,,,
1994,CAL,,,,
1994,CHA,,,,
1994,CHN,,,,
1994,CIN,,,,
1994,CLE,,,,
1994,COL,,,,
1994,DET,,,,
1994,FLO,,,,
1994,HOU,,,,
1994,KCA,,,,
1994,LAN,,,,
1994,MIN,,,,
1994,ML4,,,,
1994,MON,,,,
1994,NYA,,,,
1994,NYN,,,,
1994,OAK,,,,
1994,PHI,,,,
1994,PIT,,,,
1994,SDN,,,,
1994,SEA,,,,
1994,SFN,,,,
1994,SLN,,,,
1994,TEX,,,,
1994,TOR,,,,
1995,ATL,TRUE,FALSE,TRUE,TRUE
1995,BAL,FALSE,FALSE,FALSE,FALSE
1995,BOS,TRUE,FALSE,FALSE,FALSE
1995,CAL,FALSE,FALSE,FALSE,FALSE
1995,CHA,FALSE,FALSE,FALSE,FALSE
1995,CHN,FALSE,FALSE,FALSE,FALSE
1995,CIN,TRUE,FALSE,FALSE,FALSE
1995,CLE,TRUE,FALSE,TRUE,FALSE
1995,COL,FALSE,TRUE,FALSE,FALSE
1995,DET,FALSE,FALSE,FALSE,FALSE
1995,FLO,FALSE,FALSE,FALSE,FALSE
1995,HOU,FALSE,FALSE,FALSE,FALSE
1995,KCA,FALSE,FALSE,FALSE,FALSE
1995,LAN,TRUE,FALSE,FALSE,FALSE
1995,MIN,FALSE,FALSE,FALSE,FALSE
1995,ML4,FALSE,FALSE,FALSE,FALSE
1995,MON,FALSE,FALSE,FALSE,FALSE
1995,NYA,FALSE,TRUE,FALSE,FALSE
1995,NYN,FALSE,FALSE,FALSE,FALSE
1995,OAK,FALSE,FALSE,FALSE,FALSE
1995,PHI,FALSE,FALSE,FALSE,FALSE
1995,PIT,FALSE,FALSE,FALSE,FALSE
1995,SDN,FALSE,FALSE,FALSE,FALSE
1995,SEA,TRUE,FALSE,FALSE,FALSE
1995,SFN,FALSE,FALSE,FALSE,FALSE
1995,SLN,FALSE,FALSE,FALSE,FALSE
1995,TEX,FALSE,FALSE,FALSE,FALSE
1995,TOR,FALSE,FALSE,FALSE,FALSE
1996,ATL,TRUE,FALSE,TRUE,FALSE
1996,BAL,FALSE,TRUE,FALSE,FALSE
1996,BOS,FALSE,FALSE,FALSE,FALSE
1996,CAL,FALSE,FALSE,FALSE,FALSE
1996,CHA,FALSE,FALSE,FALSE,FALSE
1996,CHN,FALSE,FALSE,FALSE,FALSE
1996,CIN,FALSE,FALSE,FALSE,FALSE
1996,CLE,TRUE,FALSE,FALSE,FALSE
1996,COL,FALSE,FALSE,FALSE,FALSE
1996,DET,FALSE,FALSE,FALSE,FALSE
1996,FLO,FALSE,FALSE,FALSE,FALSE
1996,HOU,FALSE,FALSE,FALSE,FALSE
1996,KCA,FALSE,FALSE,FALSE,FALSE
1996,LAN,FALSE,TRUE,FALSE,FALSE
1996,MIN,FALSE,FALSE,FALSE,FALSE
1996,ML4,FALSE,FALSE,FALSE,FALSE
1996,MON,FALSE,FALSE,FALSE,FALSE
1996,NYA,TRUE,FALSE,TRUE,TRUE
1996,NYN,FALSE,FALSE,FALSE,FALSE
1996,OAK,FALSE,FALSE,FALSE,FALSE
1996,PHI,FALSE,FALSE,FALSE,FALSE
1996,PIT,FALSE,FALSE,FALSE,FALSE
1996,SDN,TRUE,FALSE,FALSE,FALSE
1996,SEA,FALSE,FALSE,FALSE,FALSE
1996,SFN,FALSE,FALSE,FALSE,FALSE
1996,SLN,TRUE,FALSE,FALSE,FALSE
1996,TEX,TRUE,FALSE,FALSE,FALSE
1996,TOR,FALSE,FALSE,FALSE,FALSE
1997,ANA,FALSE,FALSE,FALSE,FALSE
1997,ATL,TRUE,FALSE,FALSE,FALSE
1997,BAL,TRUE,FALSE,FALSE,FALSE
1997,BOS,FALSE,FALSE,FALSE,FALSE
1997,CHA,FALSE,FALSE,FALSE,FALSE
1997,CHN,FALSE,FALSE,FALSE,FALSE
1997,CIN,FALSE,FALSE,FALSE,FALSE
1997,CLE,TRUE,FALSE,TRUE,FALSE
1997,COL,FALSE,FALSE,FALSE,FALSE
1997,DET,FALSE,FALSE,FALSE,FALSE
1997,FLO,FALSE,TRUE,TRUE,TRUE
1997,HOU,TRUE,FALSE,FALSE,FALSE
1997,KCA,FALSE,FALSE,FALSE,FALSE
1997,LAN,FALSE,FALSE,FALSE,FALSE
1997,MIN,FALSE,FALSE,FALSE,FALSE
1997,ML4,FALSE,FALSE,FALSE,FALSE
1997,MON,FALSE,FALSE,FALSE,FALSE
1997,NYA,FALSE,TRUE,FALSE,FALSE
1997,NYN,FALSE,FALSE,FALSE,FALSE
1997,OAK,FALSE,FALSE,FALSE,FALSE
1997,PHI,FALSE,FALSE,FALSE,FALSE
1997,PIT,FALSE,FALSE,FALSE,FALSE
1997,SDN,FALSE,FALSE,FALSE,FALSE
1997,SEA,TRUE,FALSE,FALSE,FALSE
1997,SFN,TRUE,FALSE,FALSE,FALSE
1997,SLN,FALSE,FALSE,FALSE,FALSE
1997,TEX,FALSE,FALSE,FALSE,FALSE
1997,TOR,FALSE,FALSE,FALSE,FALSE
1998,ANA,FALSE,FALSE,FALSE,FALSE
1998,ARI,FALSE,FALSE,FALSE,FALSE
1998,ATL,TRUE,FALSE,FALSE,FALSE
1998,BAL,FALSE,FALSE,FALSE,FALSE
1998,BOS,FALSE,TRUE,FALSE,FALSE
1998,CHA,FALSE,FALSE,FALSE,FALSE
1998,CHN,FALSE,TRUE,FALSE,FALSE
1998,CIN,FALSE,FALSE,FALSE,FALSE
1998,CLE,TRUE,FALSE,FALSE,FALSE
1998,COL,FALSE,FALSE,FALSE,FALSE
1998,DET,FALSE,FALSE,FALSE,FALSE
1998,FLO,FALSE,FALSE,FALSE,FALSE
1998,HOU,TRUE,FALSE,FALSE,FALSE
1998,KCA,FALSE,FALSE,FALSE,FALSE
1998,LAN,FALSE,FALSE,FALSE,FALSE
1998,MIL,FALSE,FALSE,FALSE,FALSE
1998,MIN,FALSE,FALSE,FALSE,FALSE
1998,MON,FALSE,FALSE,FALSE,FALSE
1998,NYA,TRUE,FALSE,TRUE,TRUE
1998,NYN,FALSE,FALSE,FALSE,FALSE
1998,OAK,FALSE,FALSE,FALSE,FALSE
1998,PHI,FALSE,FALSE,FALSE,FALSE
1998,PIT,FALSE,FALSE,FALSE,FALSE
1998,SDN,TRUE,FALSE,TRUE,FALSE
1998,SEA,FALSE,FALSE,FALSE,FALSE
1998,SFN,FALSE,FALSE,FALSE,FALSE
1998,SLN,FALSE,FALSE,FALSE,FALSE
1998,TBA,FALSE,FALSE,FALSE,FALSE
1998,TEX,TRUE,FALSE,FALSE,FALSE
1998,TOR,FALSE,FALSE,FALSE,FALSE
1999,ANA,FALSE,FALSE,FALSE,FALSE
1999,ARI,TRUE,FALSE,FALSE,FALSE
1999,ATL,TRUE,FALSE,TRUE,FALSE
1999,BAL,FALSE,FALSE,FALSE,FALSE
1999,BOS,FALSE,TRUE,FALSE,FALSE
1999,CHA,FALSE,FALSE,FALSE,FALSE
1999,CHN,FALSE,FALSE,FALSE,FALSE
1999,CIN,FALSE,FALSE,FALSE,FALSE
1999,CLE,TRUE,FALSE,FALSE,FALSE
1999,COL,FALSE,FALSE,FALSE,FALSE
1999,DET,FALSE,FALSE,FALSE,FALSE
1999,FLO,FALSE,FALSE,FALSE,FALSE
1999,HOU,TRUE,FALSE,FALSE,FALSE
1999,KCA,FALSE,FALSE,FALSE,FALSE
1999,LAN,FALSE,FALSE,FALSE,FALSE
1999,MIL,FALSE,FALSE,FALSE,FALSE
1999,MIN,FALSE,FALSE,FALSE,FALSE
1999,MON,FALSE,FALSE,FALSE,FALSE
1999,NYA,TRUE,FALSE,TRUE,TRUE
1999,NYN,FALSE,TRUE,FALSE,FALSE
1999,OAK,FALSE,FALSE,FALSE,FALSE
1999,PHI,FALSE,FALSE,FALSE,FALSE
1999,PIT,FALSE,FALSE,FALSE,FALSE
1999,SDN,FALSE,FALSE,FALSE,FALSE
1999,SEA,FALSE,FALSE,FALSE,FALSE
1999,SFN,FALSE,FALSE,FALSE,FALSE
1999,SLN,FALSE,FALSE,FALSE,FALSE
1999,TBA,FALSE,FALSE,FALSE,FALSE
1999,TEX,TRUE,FALSE,FALSE,FALSE
1999,TOR,FALSE,FALSE,FALSE,FALSE
2000,ANA,FALSE,FALSE,FALSE,FALSE
2000,ARI,FALSE,FALSE,FALSE,FALSE
2000,ATL,TRUE,FALSE,FALSE,FALSE
2000,BAL,FALSE,FALSE,FALSE,FALSE
2000,BOS,FALSE,FALSE,FALSE,FALSE
2000,CHA,TRUE,FALSE,FALSE,FALSE
2000,CHN,FALSE,FALSE,FALSE,FALSE
2000,CIN,FALSE,FALSE,FALSE,FALSE
2000,CLE,FALSE,FALSE,FALSE,FALSE
2000,COL,FALSE,FALSE,FALSE,FALSE
2000,DET,FALSE,FALSE,FALSE,FALSE
2000,FLO,FALSE,FALSE,FALSE,FALSE
2000,HOU,FALSE,FALSE,FALSE,FALSE
2000,KCA,FALSE,FALSE,FALSE,FALSE
2000,LAN,FALSE,FALSE,FALSE,FALSE
2000,MIL,FALSE,FALSE,FALSE,FALSE
2000,MIN,FALSE,FALSE,FALSE,FALSE
2000,MON,FALSE,FALSE,FALSE,FALSE
2000,NYA,TRUE,FALSE,TRUE,TRUE
2000,NYN,FALSE,TRUE,TRUE,FALSE
2000,OAK,TRUE,FALSE,FALSE,FALSE
2000,PHI,FALSE,FALSE,FALSE,FALSE
2000,PIT,FALSE,FALSE,FALSE,FALSE
2000,SDN,FALSE,FALSE,FALSE,FALSE
2000,SEA,FALSE,TRUE,FALSE,FALSE
2000,SFN,TRUE,FALSE,FALSE,FALSE
2000,SLN,TRUE,FALSE,FALSE,FALSE
2000,TBA,FALSE,FALSE,FALSE,FALSE
2000,TEX,FALSE,FALSE,FALSE,FALSE
2000,TOR,FALSE,FALSE,FALSE,FALSE
2001,ANA,FALSE,FALSE,FALSE,FALSE
2001,ARI,TRUE,FALSE,TRUE,TRUE
2001,ATL,TRUE,FALSE,FALSE,FALSE
2001,BAL,FALSE,FALSE,FALSE,FALSE
2001,BOS,FALSE,FALSE,FALSE,FALSE
2001,CHA,FALSE,FALSE,FALSE,FALSE
2001,CHN,FALSE,FALSE,FALSE,FALSE
2001,CIN,FALSE,FALSE,FALSE,FALSE
2001,CLE,TRUE,FALSE,FALSE,FALSE
2001,COL,FALSE,FALSE,FALSE,FALSE
2001,DET,FALSE,FALSE,FALSE,FALSE
2001,FLO,FALSE,FALSE,FALSE,FALSE
2001,HOU,TRUE,FALSE,FALSE,FALSE
2001,KCA,FALSE,FALSE,FALSE,FALSE
2001,LAN,FALSE,FALSE,FALSE,FALSE
2001,MIL,FALSE,FALSE,FALSE,FALSE
2001,MIN,FALSE,FALSE,FALSE,FALSE
2001,MON,FALSE,FALSE,FALSE,FALSE
2001,NYA,TRUE,FALSE,TRUE,FALSE
2001,NYN,FALSE,FALSE,FALSE,FALSE
2001,OAK,FALSE,TRUE,FALSE,FALSE
2001,PHI,FALSE,FALSE,FALSE,FALSE
2001,PIT,FALSE,FALSE,FALSE,FALSE
2001,SDN,FALSE,FALSE,FALSE,FALSE
2001,SEA,TRUE,FALSE,FALSE,FALSE
2001,SFN,FALSE,FALSE,FALSE,FALSE
2001,SLN,FALSE,TRUE,FALSE,FALSE
2001,TBA,FALSE,FALSE,FALSE,FALSE
2001,TEX,FALSE,FALSE,FALSE,FALSE
2001,TOR,FALSE,FALSE,FALSE,FALSE
2002,ANA,FALSE,TRUE,TRUE,TRUE
2002,ARI,TRUE,FALSE,FALSE,FALSE
2002,ATL,TRUE,FALSE,FALSE,FALSE
2002,BAL,FALSE,FALSE,FALSE,FALSE
2002,BOS,FALSE,FALSE,FALSE,FALSE
2002,CHA,FALSE,FALSE,FALSE,FALSE
2002,CHN,FALSE,FALSE,FALSE,FALSE
2002,CIN,FALSE,FALSE,FALSE,FALSE
2002,CLE,FALSE,FALSE,FALSE,FALSE
2002,COL,FALSE,FALSE,FALSE,FALSE
2002,DET,FALSE,FALSE,FALSE,FALSE
2002,FLO,FALSE,FALSE,FALSE,FALSE
2002,HOU,FALSE,FALSE,FALSE,FALSE
2002,KCA,FALSE,FALSE,FALSE,FALSE
2002,LAN,FALSE,FALSE,FALSE,FALSE
2002,MIL,FALSE,FALSE,FALSE,FALSE
2002,MIN,TRUE,FALSE,FALSE,FALSE
2002,MON,FALSE,FALSE,FALSE,FALSE
2002,NYA,TRUE,FALSE,FALSE,FALSE
2002,NYN,FALSE,FALSE,FALSE,FALSE
2002,OAK,TRUE,FALSE,FALSE,FALSE
2002,PHI,FALSE,FALSE,FALSE,FALSE
2002,PIT,FALSE,FALSE,FALSE,FALSE
2002,SDN,FALSE,FALSE,FALSE,FALSE
2002,SEA,FALSE,FALSE,FALSE,FALSE
2002,SFN,FALSE,TRUE,TRUE,FALSE
2002,SLN,TRUE,FALSE,FALSE,FALSE
2002,TBA,FALSE,FALSE,FALSE,FALSE
2002,TEX,FALSE,FALSE,FALSE,FALSE
2002,TOR,FALSE,FALSE,FALSE,FALSE
2003,ANA,FALSE,FALSE,FALSE,FALSE
2003,ARI,FALSE,FALSE,FALSE,FALSE
2003,ATL,TRUE,FALSE,FALSE,FALSE
2003,BAL,FALSE,FALSE,FALSE,FALSE
2003,BOS,FALSE,TRUE,FALSE,FALSE
2003,CHA,FALSE,FALSE,FALSE,FALSE
2003,CHN,TRUE,FALSE,FALSE,FALSE
2003,CIN,FALSE,FALSE,FALSE,FALSE
2003,CLE,FALSE,FALSE,FALSE,FALSE
2003,COL,FALSE,FALSE,FALSE,FALSE
2003,DET,FALSE,FALSE,FALSE,FALSE
2003,FLO,FALSE,TRUE,TRUE,TRUE
2003,HOU,FALSE,FALSE,FALSE,FALSE
2003,KCA,FALSE,FALSE,FALSE,FALSE
2003,LAN,FALSE,FALSE,FALSE,FALSE
2003,MIL,FALSE,FALSE,FALSE,FALSE
2003,MIN,TRUE,FALSE,FALSE,FALSE
2003,MON,FALSE,FALSE,FALSE,FALSE
2003,NYA,TRUE,FALSE,TRUE,FALSE
2003,NYN,FALSE,FALSE,FALSE,FALSE
2003,OAK,TRUE,FALSE,FALSE,FALSE
2003,PHI,FALSE,FALSE,FALSE,FALSE
2003,PIT,FALSE,FALSE,FALSE,FALSE
2003,SDN,FALSE,FALSE,FALSE,FALSE
2003,SEA,FALSE,FALSE,FALSE,FALSE
2003,SFN,TRUE,FALSE,FALSE,FALSE
2003,SLN,FALSE,FALSE,FALSE,FALSE
2003,TBA,FALSE,FALSE,FALSE,FALSE
2003,TEX,FALSE,FALSE,FALSE,FALSE
2003,TOR,FALSE,FALSE,FALSE,FALSE
2004,ANA,TRUE,FALSE,FALSE,FALSE
2004,ARI,FALSE,FALSE,FALSE,FALSE
2004,ATL,TRUE,FALSE,FALSE,FALSE
2004,BAL,FALSE,FALSE,FALSE,FALSE
2004,BOS,FALSE,TRUE,TRUE,TRUE
2004,CHA,FALSE,FALSE,FALSE,FALSE
2004,CHN,FALSE,FALSE,FALSE,FALSE
2004,CIN,FALSE,FALSE,FALSE,FALSE
2004,CLE,FALSE,FALSE,FALSE,FALSE
2004,COL,FALSE,FALSE,FALSE,FALSE
2004,DET,FALSE,FALSE,FALSE,FALSE
2004,FLO,FALSE,FALSE,FALSE,FALSE
2004,HOU,FALSE,TRUE,FALSE,FALSE
2004,KCA,FALSE,FALSE,FALSE,FALSE
2004,LAN,TRUE,FALSE,FALSE,FALSE
2004,MIL,FALSE,FALSE,FALSE,FALSE
2004,MIN,TRUE,FALSE,FALSE,FALSE
2004,MON,FALSE,FALSE,FALSE,FALSE
2004,NYA,TRUE,FALSE,FALSE,FALSE
2004,NYN,FALSE,FALSE,FALSE,FALSE
2004,OAK,FALSE,FALSE,FALSE,FALSE
2004,PHI,FALSE,FALSE,FALSE,FALSE
2004,PIT,FALSE,FALSE,FALSE,FALSE
2004,SDN,FALSE,FALSE,FALSE,FALSE
2004,SEA,FALSE,FALSE,FALSE,FALSE
2004,SFN,FALSE,FALSE,FALSE,FALSE
2004,SLN,TRUE,FALSE,TRUE,FALSE
2004,TBA,FALSE,FALSE,FALSE,FALSE
2004,TEX,FALSE,FALSE,FALSE,FALSE
2004,TOR,FALSE,FALSE,FALSE,FALSE
2005,ARI,FALSE,FALSE,FALSE,FALSE
2005,ATL,TRUE,FALSE,FALSE,FALSE
2005,BAL,FALSE,FALSE,FALSE,FALSE
2005,BOS,FALSE,TRUE,FALSE,FALSE
2005,CHA,TRUE,FALSE,TRUE,TRUE
2005,CHN,FALSE,FALSE,FALSE,FALSE
2005,CIN,FALSE,FALSE,FALSE,FALSE
2005,CLE,FALSE,FALSE,FALSE,FALSE
2005,COL,FALSE,FALSE,FALSE,FALSE
2005,DET,FALSE,FALSE,FALSE,FALSE
2005,FLO,FALSE,FALSE,FALSE,FALSE
2005,HOU,FALSE,TRUE,TRUE,FALSE
2005,KCA,FALSE,FALSE,FALSE,FALSE
2005,LAA,TRUE,FALSE,FALSE,FALSE
2005,LAN,FALSE,FALSE,FALSE,FALSE
2005,MIL,FALSE,FALSE,FALSE,FALSE
2005,MIN,FALSE,FALSE,FALSE,FALSE
2005,NYA,TRUE,FALSE,FALSE,FALSE
2005,NYN,FALSE,FALSE,FALSE,FALSE
2005,OAK,FALSE,FALSE,FALSE,FALSE
2005,PHI,FALSE,FALSE,FALSE,FALSE
2005,PIT,FALSE,FALSE,FALSE,FALSE
2005,SDN,TRUE,FALSE,FALSE,FALSE
2005,SEA,FALSE,FALSE,FALSE,FALSE
2005,SFN,FALSE,FALSE,FALSE,FALSE
2005,SLN,TRUE,FALSE,FALSE,FALSE
2005,TBA,FALSE,FALSE,FALSE,FALSE
2005,TEX,FALSE,FALSE,FALSE,FALSE
2005,TOR,FALSE,FALSE,FALSE,FALSE
2005,WAS,FALSE,FALSE,FALSE,FALSE
2006,ARI,FALSE,FALSE,FALSE,FALSE
2006,ATL,FALSE,FALSE,FALSE,FALSE
2006,BAL,FALSE,FALSE,FALSE,FALSE
2006,BOS,FALSE,FALSE,FALSE,FALSE
2006,CHA,FALSE,FALSE,FALSE,FALSE
2006,CHN,FALSE,FALSE,FALSE,FALSE
2006,CIN,FALSE,FALSE,FALSE,FALSE
2006,CLE,FALSE,FALSE,FALSE,FALSE
2006,COL,FALSE,FALSE,FALSE,FALSE
2006,DET,FALSE,TRUE,TRUE,FALSE
2006,FLO,FALSE,FALSE,FALSE,FALSE
2006,HOU,FALSE,FALSE,FALSE,FALSE
2006,KCA,FALSE,FALSE,FALSE,FALSE
2006,LAA,FALSE,FALSE,FALSE,FALSE
2006,LAN,FALSE,TRUE,FALSE,FALSE
2006,MIL,FALSE,FALSE,FALSE,FALSE
2006,MIN,TRUE,FALSE,FALSE,FALSE
2006,NYA,TRUE,FALSE,FALSE,FALSE
2006,NYN,TRUE,FALSE,FALSE,FALSE
2006,OAK,TRUE,FALSE,FALSE,FALSE
2006,PHI,FALSE,FALSE,FALSE,FALSE
2006,PIT,FALSE,FALSE,FALSE,FALSE
2006,SDN,TRUE,FALSE,FALSE,FALSE
2006,SEA,FALSE,FALSE,FALSE,FALSE
2006,SFN,FALSE,FALSE,FALSE,FALSE
2006,SLN,TRUE,FALSE,TRUE,TRUE
2006,TBA,FALSE,FALSE,FALSE,FALSE
2006,TEX,FALSE,FALSE,FALSE,FALSE
2006,TOR,FALSE,FALSE,FALSE,FALSE
2006,WAS,FALSE,FALSE,FALSE,FALSE
2007,ARI,TRUE,FALSE,FALSE,FALSE
2007,ATL,FALSE,FALSE,FALSE,FALSE
2007,BAL,FALSE,FALSE,FALSE,FALSE
2007,BOS,TRUE,FALSE,TRUE,TRUE
2007,CHA,FALSE,FALSE,FALSE,FALSE
2007,CHN,TRUE,FALSE,FALSE,FALSE
2007,CIN,FALSE,FALSE,FALSE,FALSE
2007,CLE,TRUE,FALSE,FALSE,FALSE
2007,COL,FALSE,TRUE,TRUE,FALSE
2007,DET,FALSE,FALSE,FALSE,FALSE
2007,FLO,FALSE,FALSE,FALSE,FALSE
2007,HOU,FALSE,FALSE,FALSE,FALSE
2007,KCA,FALSE,FALSE,FALSE,FALSE
2007,LAA,TRUE,FALSE,FALSE,FALSE
2007,LAN,FALSE,FALSE,FALSE,FALSE
2007,MIL,FALSE,FALSE,FALSE,FALSE
2007,MIN,FALSE,FALSE,FALSE,FALSE
2007,NYA,FALSE,TRUE,FALSE,FALSE
2007,NYN,FALSE,FALSE,FALSE,FALSE
2007,OAK,FALSE,FALSE,FALSE,FALSE
2007,PHI,TRUE,FALSE,FALSE,FALSE
2007,PIT,FALSE,FALSE,FALSE,FALSE
2007,SDN,FALSE,FALSE,FALSE,FALSE
2007,SEA,FALSE,FALSE,FALSE,FALSE
2007,SFN,FALSE,FALSE,FALSE,FALSE
2007,SLN,FALSE,FALSE,FALSE,FALSE
2007,TBA,FALSE,FALSE,FALSE,FALSE
2007,TEX,FALSE,FALSE,FALSE,FALSE
2007,TOR,FALSE,FALSE,FALSE,FALSE
2007,WAS,FALSE,FALSE,FALSE,FALSE
2008,ARI,FALSE,FALSE,FALSE,FALSE
2008,ATL,FALSE,FALSE,FALSE,FALSE
2008,BAL,FALSE,FALSE,FALSE,FALSE
2008,BOS,FALSE,TRUE,FALSE,FALSE
2008,CHA,TRUE,FALSE,FALSE,FALSE
2008,CHN,TRUE,FALSE,FALSE,FALSE
2008,CIN,FALSE,FALSE,FALSE,FALSE
2008,CLE,FALSE,FALSE,FALSE,FALSE
2008,COL,FALSE,FALSE,FALSE,FALSE
2008,DET,FALSE,FALSE,FALSE,FALSE
2008,FLO,FALSE,FALSE,FALSE,FALSE
2008,HOU,FALSE,FALSE,FALSE,FALSE
2008,KCA,FALSE,FALSE,FALSE,FALSE
2008,LAA,TRUE,FALSE,FALSE,FALSE
2008,LAN,TRUE,FALSE,FALSE,FALSE
2008,MIL,FALSE,TRUE,FALSE,FALSE
2008,MIN,FALSE,FALSE,FALSE,FALSE
2008,NYA,FALSE,FALSE,FALSE,FALSE
2008,NYN,FALSE,FALSE,FALSE,FALSE
2008,OAK,FALSE,FALSE,FALSE,FALSE
2008,PHI,TRUE,FALSE,TRUE,TRUE
2008,PIT,FALSE,FALSE,FALSE,FALSE
2008,SDN,FALSE,FALSE,FALSE,FALSE
2008,SEA,FALSE,FALSE,FALSE,FALSE
2008,SFN,FALSE,FALSE,FALSE,FALSE
2008,SLN,FALSE,FALSE,FALSE,FALSE
2008,TBA,TRUE,FALSE,TRUE,FALSE
2008,TEX,FALSE,FALSE,FALSE,FALSE
2008,TOR,FALSE,FALSE,FALSE,FALSE
2008,WAS,FALSE,FALSE,FALSE,FALSE
2009,ARI,FALSE,FALSE,FALSE,FALSE
2009,ATL,FALSE,FALSE,FALSE,FALSE
2009,BAL,FALSE,FALSE,FALSE,FALSE
2009,BOS,FALSE,TRUE,FALSE,FALSE
2009,CHA,FALSE,FALSE,FALSE,FALSE
2009,CHN,FALSE,FALSE,FALSE,FALSE
2009,CIN,FALSE,FALSE,FALSE,FALSE
2009,CLE,FALSE,FALSE,FALSE,FALSE
2009,COL,FALSE,TRUE,FALSE,FALSE
2009,DET,FALSE,FALSE,FALSE,FALSE
2009,FLO,FALSE,FALSE,FALSE,FALSE
2009,HOU,FALSE,FALSE,FALSE,FALSE
2009,KCA,FALSE,FALSE,FALSE,FALSE
2009,LAA,TRUE,FALSE,FALSE,FALSE
2009,LAN,TRUE,FALSE,FALSE,FALSE
2009,MIL,FALSE,FALSE,FALSE,FALSE
2009,MIN,TRUE,FALSE,FALSE,FALSE
2009,NYA,TRUE,FALSE,TRUE,TRUE
2009,NYN,FALSE,FALSE,FALSE,FALSE
2009,OAK,FALSE,FALSE,FALSE,FALSE
2009,PHI,TRUE,FALSE,TRUE,FALSE
2009,PIT,FALSE,FALSE,FALSE,FALSE
2009,SDN,FALSE,FALSE,FALSE,FALSE
2009,SEA,FALSE,FALSE,FALSE,FALSE
2009,SFN,FALSE,FALSE,FALSE,FALSE
2009,SLN,TRUE,FALSE,FALSE,FALSE
2009,TBA,FALSE,FALSE,FALSE,FALSE
2009,TEX,FALSE,FALSE,FALSE,FALSE
2009,TOR,FALSE,FALSE,FALSE,FALSE
2009,WAS,FALSE,FALSE,FALSE,FALSE
2010,ARI,FALSE,FALSE,FALSE,FALSE
2010,ATL,FALSE,TRUE,FALSE,FALSE
2010,BAL,FALSE,FALSE,FALSE,FALSE
2010,BOS,FALSE,FALSE,FALSE,FALSE
2010,CHA,FALSE,FALSE,FALSE,FALSE
2010,CHN,FALSE,FALSE,FALSE,FALSE
2010,CIN,TRUE,FALSE,FALSE,FALSE
2010,CLE,FALSE,FALSE,FALSE,FALSE
2010,COL,FALSE,FALSE,FALSE,FALSE
2010,DET,FALSE,FALSE,FALSE,FALSE
2010,FLO,FALSE,FALSE,FALSE,FALSE
2010,HOU,FALSE,FALSE,FALSE,FALSE
2010,KCA,FALSE,FALSE,FALSE,FALSE
2010,LAA,FALSE,FALSE,FALSE,FALSE
2010,LAN,FALSE,FALSE,FALSE,FALSE
2010,MIL,FALSE,FALSE,FALSE,FALSE
2010,MIN,TRUE,FALSE,FALSE,FALSE
2010,NYA,FALSE,TRUE,FALSE,FALSE
2010,NYN,FALSE,FALSE,FALSE,FALSE
2010,OAK,FALSE,FALSE,FALSE,FALSE
2010,PHI,TRUE,FALSE,FALSE,FALSE
2010,PIT,FALSE,FALSE,FALSE,FALSE
2010,SDN,FALSE,FALSE,FALSE,FALSE
2010,SEA,FALSE,FALSE,FALSE,FALSE
2010,SFN,TRUE,FALSE,TRUE,TRUE
2010,SLN,FALSE,FALSE,FALSE,FALSE
2010,TBA,TRUE,FALSE,FALSE,FALSE
2010,TEX,TRUE,FALSE,TRUE,FALSE
2010,TOR,FALSE,FALSE,FALSE,FALSE
2010,WAS,FALSE,FALSE,FALSE,FALSE
2011,ARI,TRUE,FALSE,FALSE,FALSE
2011,ATL,FALSE,FALSE,FALSE,FALSE
2011,BAL,FALSE,FALSE,FALSE,FALSE
2011,BOS,FALSE,FALSE,FALSE,FALSE
2011,CHA,FALSE,FALSE,FALSE,FALSE
2011,CHN,FALSE,FALSE,FALSE,FALSE
2011,CIN,FALSE,FALSE,FALSE,FALSE
2011,CLE,FALSE,FALSE,FALSE,FALSE
2011,COL,FALSE,FALSE,FALSE,FALSE
2011,DET,TRUE,FALSE,FALSE,FALSE
2011,FLO,FALSE,FALSE,FALSE,FALSE
2011,HOU,FALSE,FALSE,FALSE,FALSE
2011,KCA,FALSE,FALSE,FALSE,FALSE
2011,LAA,FALSE,FALSE,FALSE,FALSE
2011,LAN,FALSE,FALSE,FALSE,FALSE
2011,MIL,TRUE,FALSE,FALSE,FALSE
2011,MIN,FALSE,FALSE,FALSE,FALSE
2011,NYA,TRUE,FALSE,FALSE,FALSE
2011,NYN,FALSE,FALSE,FALSE,FALSE
2011,OAK,FALSE,FALSE,FALSE,FALSE
2011,PHI,TRUE,FALSE,FALSE,FALSE
2011,PIT,FALSE,FALSE,FALSE,FALSE
2011,SDN,FALSE,FALSE,FALSE,FALSE
2011,SEA,FALSE,FALSE,FALSE,FALSE
2011,SFN,FALSE,FALSE,FALSE,FALSE
2011,SLN,FALSE,TRUE,TRUE,TRUE
2011,TBA,FALSE,TRUE,FALSE,FALSE
2011,TEX,TRUE,FALSE,TRUE,FALSE
2011,TOR,FALSE,FALSE,FALSE,FALSE
2011,WAS,FALSE,FALSE,FALSE,FALSE
2012,ARI,FALSE,FALSE,FALSE,FALSE
2012,ATL,FALSE,TRUE,FALSE,FALSE
2012,BAL,FALSE,TRUE,FALSE,FALSE
2012,BOS,FALSE,FALSE,FALSE,FALSE
2012,CHA,FALSE,FALSE,FALSE,FALSE
2012,CHN,FALSE,FALSE,FALSE,FALSE
2012,CIN,TRUE,FALSE,FALSE,FALSE
2012,CLE,FALSE,FALSE,FALSE,FALSE
2012,COL,FALSE,FALSE,FALSE,FALSE
2012,DET,TRUE,FALSE,TRUE,FALSE
2012,HOU,FALSE,FALSE,FALSE,FALSE
2012,KCA,FALSE,FALSE,FALSE,FALSE
2012,LAA,FALSE,FALSE,FALSE,FALSE
2012,LAN,FALSE,FALSE,FALSE,FALSE
2012,MIA,FALSE,FALSE,FALSE,FALSE
2012,MIL,FALSE,FALSE,FALSE,FALSE
2012,MIN,FALSE,FALSE,FALSE,FALSE
2012,NYA,TRUE,FALSE,FALSE,FALSE
2012,NYN,FALSE,FALSE,FALSE,FALSE
2012,OAK,TRUE,FALSE,FALSE,FALSE
2012,PHI,FALSE,FALSE,FALSE,FALSE
2012,PIT,FALSE,FALSE,FALSE,FALSE
2012,SDN,FALSE,FALSE,FALSE,FALSE
2012,SEA,FALSE,FALSE,FALSE,FALSE
2012,SFN,TRUE,FALSE,TRUE,TRUE
2012,SLN,FALSE,TRUE,FALSE,FALSE
2012,TBA,FALSE,FALSE,FALSE,FALSE
2012,TEX,FALSE,TRUE,FALSE,FALSE
2012,TOR,FALSE,FALSE,FALSE,FALSE
2012,WAS,TRUE,FALSE,FALSE,FALSE
2013,ARI,FALSE,FALSE,FALSE,FALSE
2013,ATL,TRUE,FALSE,FALSE,FALSE
2013,BAL,FALSE,FALSE,FALSE,FALSE
2013,BOS,TRUE,FALSE,TRUE,TRUE
2013,CHA,FALSE,FALSE,FALSE,FALSE
2013,CHN,FALSE,FALSE,FALSE,FALSE
2013,CIN,FALSE,TRUE,FALSE,FALSE
2013,CLE,FALSE,TRUE,FALSE,FALSE
2013,COL,FALSE,FALSE,FALSE,FALSE
2013,DET,TRUE,FALSE,FALSE,FALSE
2013,HOU,FALSE,FALSE,FALSE,FALSE
2013,KCA,FALSE,FALSE,FALSE,FALSE
2013,LAA,FALSE,FALSE,FALSE,FALSE
2013,LAN,TRUE,FALSE,FALSE,FALSE
2013,MIA,FALSE,FALSE,FALSE,FALSE
2013,MIL,FALSE,FALSE,FALSE,FALSE
2013,MIN,FALSE,FALSE,FALSE,FALSE
2013,NYA,FALSE,FALSE,FALSE,FALSE
2013,NYN,FALSE,FALSE,FALSE,FALSE
2013,OAK,TRUE,FALSE,FALSE,FALSE
2013,PHI,FALSE,FALSE,FALSE,FALSE
2013,PIT,FALSE,TRUE,FALSE,FALSE
2013,SDN,FALSE,FALSE,FALSE,FALSE
2013,SEA,FALSE,FALSE,FALSE,FALSE
2013,SFN,FALSE,FALSE,FALSE,FALSE
2013,SLN,TRUE,FALSE,TRUE,FALSE
2013,TBA,FALSE,TRUE,FALSE,FALSE
2013,TEX,FALSE,FALSE,FALSE,FALSE
2013,TOR,FALSE,FALSE,FALSE,FALSE
2013,WAS,FALSE,FALSE,FALSE,FALSE
2014,ARI,FALSE,FALSE,FALSE,FALSE
2014,ATL,FALSE,FALSE,FALSE,FALSE
2014,BAL,TRUE,FALSE,FALSE,FALSE
2014,BOS,FALSE,FALSE,FALSE,FALSE
2014,CHA,FALSE,FALSE,FALSE,FALSE
2014,CHN,FALSE,FALSE,FALSE,FALSE
2014,CIN,FALSE,FALSE,FALSE,FALSE
2014,CLE,FALSE,FALSE,FALSE,FALSE
2014,COL,FALSE,FALSE,FALSE,FALSE
2014,DET,TRUE,FALSE,FALSE,FALSE
2014,HOU,FALSE,FALSE,FALSE,FALSE
2014,KCA,FALSE,TRUE,TRUE,FALSE
2014,LAA,TRUE,FALSE,FALSE,FALSE
2014,LAN,TRUE,FALSE,FALSE,FALSE
2014,MIA,FALSE,FALSE,FALSE,FALSE
2014,MIL,FALSE,FALSE,FALSE,FALSE
2014,MIN,FALSE,FALSE,FALSE,FALSE
2014,NYA,FALSE,FALSE,FALSE,FALSE
2014,NYN,FALSE,FALSE,FALSE,FALSE
2014,OAK,FALSE,TRUE,FALSE,FALSE
2014,PHI,FALSE,FALSE,FALSE,FALSE
2014,PIT,FALSE,TRUE,FALSE,FALSE
2014,SDN,FALSE,FALSE,FALSE,FALSE
2014,SEA,FALSE,FALSE,FALSE,FALSE
2014,SFN,FALSE,TRUE,TRUE,TRUE
2014,SLN,TRUE,FALSE,FALSE,FALSE
2014,TBA,FALSE,FALSE,FALSE,FALSE
2014,TEX,FALSE,FALSE,FALSE,FALSE
2014,TOR,FALSE,FALSE,FALSE,FALSE
2014,WAS,TRUE,FALSE,FALSE,FALSE
2015,KCA,TRUE,FALSE,TRUE,TRUE
2015,MIN,FALSE,FALSE,FALSE,FALSE
2015,CLE,FALSE,FALSE,FALSE,FALSE
2015,CHA,FALSE,FALSE,FALSE,FALSE
2015,DET,FALSE,FALSE,FALSE,FALSE
2015,TOR,TRUE,FALSE,FALSE,FALSE
2015,NYA,FALSE,TRUE,FALSE,FALSE
2015,BAL,FALSE,FALSE,FALSE,FALSE
2015,TBA,FALSE,FALSE,FALSE,FALSE
2015,BOS,FALSE,FALSE,FALSE,FALSE
2015,TEX,TRUE,FALSE,FALSE,FALSE
2015,HOU,FALSE,TRUE,FALSE,FALSE
2015,LAA,FALSE,FALSE,FALSE,FALSE
2015,SEA,FALSE,FALSE,FALSE,FALSE
2015,OAK,FALSE,FALSE,FALSE,FALSE
2015,SLN,TRUE,FALSE,FALSE,FALSE
2015,PIT,FALSE,TRUE,FALSE,FALSE
2015,CHN,FALSE,TRUE,FALSE,FALSE
2015,MIL,FALSE,FALSE,FALSE,FALSE
2015,CIN,FALSE,FALSE,FALSE,FALSE
2015,NYN,TRUE,FALSE,TRUE,FALSE
2015,WAS,FALSE,FALSE,FALSE,FALSE
2015,MIA,FALSE,FALSE,FALSE,FALSE
2015,ATL,FALSE,FALSE,FALSE,FALSE
2015,PHI,FALSE,FALSE,FALSE,FALSE
2015,LAN,TRUE,FALSE,FALSE,FALSE
2015,SFN,FALSE,FALSE,FALSE,FALSE
2015,ARI,FALSE,FALSE,FALSE,FALSE
2015,SDN,FALSE,FALSE,FALSE,FALSE
2015,COL,FALSE,FALSE,FALSE,FALSE
